sup_word,sub_word1,sub_word2,sub_word3
어린이교통사고,어린이 교통사고 통계,어린이 교통사고 통계자료,어린이 교통사고 특성
어린이교통사고,어린이 교통사고 통계,도로교통공단,도로교통 안전공단
어린이교통사고,어린이 교통사고 통계,도로교통공단,도로교통공단 홈페이지
어린이교통사고,어린이 교통사고 통계,도로교통공단,도로교통공단 채용
어린이교통사고,어린이 교통사고 통계,도로교통공단,광주 도로교통공단
어린이교통사고,어린이 교통사고 통계,도로교통공단,부산 도로교통공단
어린이교통사고,어린이 교통사고 통계,도로교통공단,대구 도로교통공단
어린이교통사고,어린이 교통사고 통계,도로교통공단,대전 도로교통공단
어린이교통사고,어린이 교통사고 통계,도로교통공단,인천 도로교통공단
어린이교통사고,어린이 교통사고 통계,도로교통공단,제주 도로교통공단
어린이교통사고,어린이 교통사고 통계,도로교통공단,도로교통공사
어린이교통사고,어린이 교통사고 통계,도로교통공단,울산 도로교통공단
어린이교통사고,어린이 교통사고 통계,도로교통공단,도로교통공단 e-운전면허 홈페이지
어린이교통사고,어린이 교통사고 통계,도로교통공단,도로교통공단 이러닝센터
어린이교통사고,어린이 교통사고 통계,도로교통공단,도로교통공단 동승자교육
어린이교통사고,어린이 교통사고 통계,도로교통공단,서울 도로교통공단
어린이교통사고,어린이 교통사고 통계,도로교통공단,전주 도로교통공단
어린이교통사고,어린이 교통사고 통계,도로교통공단,청주 도로교통공단
어린이교통사고,어린이 교통사고 통계,도로교통공단,도로교통공단 경기지부
어린이교통사고,어린이 교통사고 통계,도로교통공단,한국도로교통공단
어린이교통사고,어린이 교통사고 통계,도로교통공단,도로교통공단 광주전남지부
어린이교통사고,스쿨존 교통사고,광주 운암동 교통사고 아파트,광주 유모차 사고
어린이교통사고,스쿨존 교통사고,광주 운암동 교통사고 아파트,광주 북구 운암동 교통사고
어린이교통사고,스쿨존 교통사고,광주 운암동 교통사고 아파트,광주 어린이보호 구역교통사고
어린이교통사고,스쿨존 교통사고,광주 운암동 교통사고 아파트,스쿨존 교통사고
어린이교통사고,스쿨존 교통사고,광주 운암동 교통사고 아파트,광주 횡단보도 교통사고
어린이교통사고,스쿨존 교통사고,광주 운암동 교통사고 아파트,운암동 아파트 앞 교통사고
어린이교통사고,스쿨존 교통사고,광주 운암동 교통사고 아파트,광주 일가족 교통사고
어린이교통사고,스쿨존 교통사고,광주 운암동 교통사고 아파트,스쿨존 8.5톤
어린이교통사고,스쿨존 교통사고,광주 운암동 교통사고 아파트,광주 교통사고 사망
어린이교통사고,스쿨존 교통사고,광주 운암동 교통사고 아파트,2살 아기 사망
어린이교통사고,스쿨존 교통사고,광주 운암동 교통사고 아파트,운암동 벽산 블루밍 아파트
어린이교통사고,스쿨존 교통사고,광주 운암동 교통사고 아파트,운암동 벽산블루밍 교통사고
어린이교통사고,스쿨존 교통사고,광주 운암동 교통사고 아파트,광주운암동 스쿨존사고
어린이교통사고,스쿨존 교통사고,광주 운암동 교통사고 아파트,운암동 아파트 단지 교통사고
어린이교통사고,스쿨존 교통사고,광주 운암동 교통사고 아파트,광주 북구 어린이 교통사고
어린이교통사고,스쿨존 교통사고,경주 스쿨존 교통사고,고의 사고
어린이교통사고,스쿨존 교통사고,경주 스쿨존 교통사고,suv 고의사고
어린이교통사고,스쿨존 교통사고,경주 스쿨존 교통사고,경주 스쿨존 사고 놀이터
어린이교통사고,스쿨존 교통사고,경주 스쿨존 교통사고,경주 9살
어린이교통사고,스쿨존 교통사고,경주 스쿨존 교통사고,인스타그램 교통사고
어린이교통사고,스쿨존 교통사고,경주 스쿨존 교통사고,어린이 자전거 살인미수
어린이교통사고,스쿨존 교통사고,경주 스쿨존 교통사고,9살 suv
어린이교통사고,스쿨존 교통사고,경주 스쿨존 교통사고,동천 스쿨존 사고
어린이교통사고,스쿨존 교통사고,경주 스쿨존 교통사고,경주 스쿨존 사고 원인
어린이교통사고,스쿨존 교통사고,경주 스쿨존 교통사고,경주 스쿨존 cctv
어린이교통사고,스쿨존 교통사고,경주 스쿨존 교통사고,어린이 고의적 교통사고
어린이교통사고,스쿨존 교통사고,경주 스쿨존 교통사고,경주 스쿨존 사건
어린이교통사고,스쿨존 교통사고,경주 스쿨존 교통사고,경주 스쿨존 특수상해
어린이교통사고,스쿨존 교통사고,경주 스쿨존 교통사고,경주 suv사건
어린이교통사고,스쿨존 교통사고,경주 스쿨존 교통사고,자전거 suv
어린이교통사고,스쿨존 교통사고,경주 스쿨존 교통사고,보배드림 경주
어린이교통사고,스쿨존 교통사고,경주 스쿨존 교통사고,경북 스쿨존
어린이교통사고,스쿨존 교통사고,경주 스쿨존 교통사고,초등학생
어린이교통사고,스쿨존 교통사고,경주 스쿨존 교통사고,스쿨존 자전거사고
어린이교통사고,스쿨존 교통사고,경주 스쿨존 교통사고,초등 suv
어린이교통사고,스쿨존 교통사고,스쿨존 8.5톤,스쿨존 교통사고
어린이교통사고,스쿨존 교통사고,스쿨존 8.5톤,광주운암동 스쿨존사고
어린이교통사고,스쿨존 교통사고,스쿨존 8.5톤,광주 운암동 교통사고 아파트
어린이교통사고,스쿨존 교통사고,스쿨존 8.5톤,광주 북구 운암동 교통사고
어린이교통사고,스쿨존 교통사고,스쿨존 8.5톤,운암동 트럭
어린이교통사고,스쿨존 교통사고,스쿨존 8.5톤,광주 교통사고 사망
어린이교통사고,스쿨존 교통사고,스쿨존 8.5톤,광주 어린이 사망
어린이교통사고,스쿨존 교통사고,스쿨존 8.5톤,광주 북구 운암동 스쿨존 아파트
어린이교통사고,스쿨존 교통사고,광주 북구 운암동 교통사고,광주 운암동 교통사고 아파트
어린이교통사고,스쿨존 교통사고,광주 북구 운암동 교통사고,광주 어린이보호 구역교통사고
어린이교통사고,스쿨존 교통사고,광주 북구 운암동 교통사고,광주 횡단보도 교통사고
어린이교통사고,스쿨존 교통사고,광주 북구 운암동 교통사고,스쿨존 교통사고
어린이교통사고,스쿨존 교통사고,광주 북구 운암동 교통사고,오늘의 광주 운암동 교통사고
어린이교통사고,스쿨존 교통사고,광주 북구 운암동 교통사고,스쿨존 8.5톤
어린이교통사고,스쿨존 교통사고,광주 북구 운암동 교통사고,운암동 아파트 단지 교통사고
어린이교통사고,스쿨존 교통사고,광주 북구 운암동 교통사고,광주 어린이보호구역 5월사고
어린이교통사고,스쿨존 교통사고,광주 북구 운암동 교통사고,광주 5월 운암동 횡단보도 사고
어린이교통사고,스쿨존 교통사고,광주 북구 운암동 교통사고,운암동 벽산블루밍 교통사고
어린이교통사고,스쿨존 교통사고,광주 북구 운암동 교통사고,광주 교통사고 사망
어린이교통사고,스쿨존 교통사고,광주 북구 운암동 교통사고,광주 북구 교통상황
어린이교통사고,스쿨존 교통사고,광주 북구 운암동 교통사고,광주 사건사고
어린이교통사고,스쿨존 교통사고,아산스쿨존 교통사고,충남아산 스쿨존 교통사고
어린이교통사고,스쿨존 교통사고,아산스쿨존 교통사고,어린이 교통사고
어린이교통사고,스쿨존 교통사고,광주 교통사고 사망,광주광역시 교통사고 사망
어린이교통사고,스쿨존 교통사고,광주 교통사고 사망,운암동 어린이보호구역 교통사고
어린이교통사고,스쿨존 교통사고,광주 교통사고 사망,운암동 사망사고
어린이교통사고,스쿨존 교통사고,광주 교통사고 사망,스쿨존 교통사고
어린이교통사고,스쿨존 교통사고,광주 교통사고 사망,광주 운암동 스쿨존
어린이교통사고,스쿨존 교통사고,광주 교통사고 사망,광주 교통사고 속보
어린이교통사고,스쿨존 교통사고,광주 교통사고 사망,광주 북구 운암동 사고현장
어린이교통사고,스쿨존 교통사고,광주 교통사고 사망,광주 북구 운암동 스쿨존 아파트
어린이교통사고,스쿨존 교통사고,광주 교통사고 사망,광주 북구 운암동 어린이 보호구역
어린이교통사고,스쿨존 교통사고,광주 교통사고 사망,광주 연합뉴스
어린이교통사고,스쿨존 교통사고,광주 교통사고 사망,스쿨존 8.5톤
어린이교통사고,스쿨존 교통사고,광주 교통사고 사망,광주 어린이보호 구역교통사고
어린이교통사고,스쿨존 교통사고,광주 교통사고 사망,광주 3명 사망
어린이교통사고,스쿨존 교통사고,광주 교통사고 사망,광주 렌터카 사고
어린이교통사고,스쿨존 교통사고,광주 교통사고 사망,교통사고 5명 사망
어린이교통사고,스쿨존 교통사고,광주 교통사고 사망,전남 교통사고 사망
어린이교통사고,스쿨존 교통사고,광주 교통사고 사망,교통사고 3명사망
어린이교통사고,스쿨존 교통사고,광주 교통사고 사망,인천 교통사고 사망
어린이교통사고,스쿨존 교통사고,광주 교통사고 사망,연제동 지하차도
어린이교통사고,스쿨존 교통사고,광주 교통사고 사망,광주 차량 두동강
어린이교통사고,스쿨존 교통사고,광주 북구 운암동 교통사고 아파트,유모차 사고
어린이교통사고,스쿨존 교통사고,광주 북구 운암동 교통사고 아파트,광주 어린이 교통사고
어린이교통사고,스쿨존 교통사고,광주 북구 운암동 교통사고 아파트,광주 어린이보호 구역교통사고
어린이교통사고,스쿨존 교통사고,광주 북구 운암동 교통사고 아파트,광주 사건사고
어린이교통사고,스쿨존 교통사고,광주 북구 운암동 교통사고 아파트,광주 5월 운암동 횡단보도 사고
어린이교통사고,스쿨존 교통사고,광주 북구 운암동 교통사고 아파트,스쿨존 교통사고
어린이교통사고,스쿨존 교통사고,광주 북구 운암동 교통사고 아파트,운암동 사고장소
어린이교통사고,스쿨존 교통사고,광주 북구 운암동 교통사고 아파트,광주 차량 사고
어린이교통사고,스쿨존 교통사고,광주 북구 운암동 교통사고 아파트,오늘 교통사고
어린이교통사고,스쿨존 교통사고,광주 북구 운암동 교통사고 아파트,광주 운암동 어린이보호구역 교통사고
어린이교통사고,스쿨존 교통사고,광주 북구 운암동 교통사고 아파트,광주 일가족 교통사고
어린이교통사고,스쿨존 교통사고,광주 북구 운암동 교통사고 아파트,광주시장
어린이교통사고,스쿨존 교통사고,광주운암동 스쿨존사고,운암동 벽산블루밍 교통사고
어린이교통사고,스쿨존 교통사고,광주운암동 스쿨존사고,스쿨존 8.5톤
어린이교통사고,스쿨존 교통사고,광주운암동 스쿨존사고,광주 스쿨존 사망
어린이교통사고,스쿨존 교통사고,광주운암동 스쿨존사고,운암동 사고 아파트
어린이교통사고,스쿨존 교통사고,광주운암동 스쿨존사고,광주 북구 스쿨존
어린이교통사고,스쿨존 교통사고,광주운암동 스쿨존사고,광주 차량 사고
어린이교통사고,스쿨존 교통사고,광주운암동 스쿨존사고,운암동 트럭
어린이교통사고,스쿨존 교통사고,광주운암동 스쿨존사고,운암동 교통사고 아파트
어린이교통사고,스쿨존 교통사고,광주운암동 스쿨존사고,스쿨존 참변
어린이교통사고,스쿨존 교통사고,광주운암동 스쿨존사고,벽산아파트 횡단보도 사고
어린이교통사고,스쿨존 교통사고,광주운암동 스쿨존사고,광주 북구 운암동 스쿨존 아파트
어린이교통사고,스쿨존 교통사고,광주운암동 스쿨존사고,광주광역시 북구 운암동 스쿨존 사고
어린이교통사고,스쿨존 교통사고,광주운암동 스쿨존사고,광주광역시 운암동 스쿨존 사고
어린이교통사고,스쿨존 교통사고,광주운암동 스쿨존사고,광주 어린이 사망
어린이교통사고,스쿨존 교통사고,광주운암동 스쿨존사고,광주 유모차 사고
어린이교통사고,스쿨존 교통사고,광주운암동 스쿨존사고,세자녀 사고
어린이교통사고,스쿨존 교통사고,운암동 아파트 단지 사고,운암동 아파트 단지 교통사고
어린이교통사고,스쿨존 교통사고,운암동 아파트 단지 사고,운암동 사고난 장소
어린이교통사고,스쿨존 교통사고,운암동 아파트 단지 사고,운암동 어린보호구역 교통사고
어린이교통사고,스쿨존 교통사고,운암동 아파트 단지 사고,광주 5월 어린이보호구역 7살
어린이교통사고,스쿨존 교통사고,운암동 아파트 단지 사고,광주 어린이보호구역 5월사고
어린이교통사고,스쿨존 교통사고,운암동 아파트 단지 사고,스쿨존 교통사고
어린이교통사고,스쿨존 교통사고,운암동 아파트 단지 사고,북구 운암동 어린이 사고
어린이교통사고,스쿨존 교통사고,부산 재송동 교통사고,스쿨존 교통사고
어린이교통사고,스쿨존 교통사고,부산 재송동 교통사고,민식이 교통사고
어린이교통사고,스쿨존 교통사고,부산 재송동 교통사고,스쿨존 사망사고
어린이교통사고,스쿨존 교통사고,부산 재송동 교통사고,부산 어린이 사고
어린이교통사고,스쿨존 교통사고,부산 재송동 교통사고,부산 학교앞 교통사고
어린이교통사고,스쿨존 교통사고,부산 재송동 교통사고,재송동초등학교 교통사고
어린이교통사고,스쿨존 교통사고,부산 재송동 교통사고,재송동 스쿨존 사고영상
어린이교통사고,스쿨존 교통사고,어린이 교통사고,어린이 교통사고 통계
어린이교통사고,스쿨존 교통사고,어린이 교통사고,어린이 교통사고 사례
어린이교통사고,스쿨존 교통사고,어린이 교통사고,스쿨존 교통사고
어린이교통사고,스쿨존 교통사고,어린이 교통사고,어린이 교통사고 병원
어린이교통사고,스쿨존 교통사고,어린이 교통사고,경주 어린이 교통사고
어린이교통사고,스쿨존 교통사고,어린이 교통사고,어린이 교통사고 통계자료
어린이교통사고,스쿨존 교통사고,어린이 교통사고,어린이 교통사고 예방
어린이교통사고,스쿨존 교통사고,어린이 교통사고,어린이 교통사고 특성
어린이교통사고,스쿨존 교통사고,어린이 교통사고,어린이 교통사고 분석시스템
어린이교통사고,스쿨존 교통사고,어린이 교통사고,전주 어린이 교통사고
어린이교통사고,스쿨존 교통사고,어린이 교통사고,부산 교통사고
어린이교통사고,스쿨존 교통사고,어린이 교통사고,어린이 교통사고 유형
어린이교통사고,스쿨존 교통사고,어린이 교통사고,민식이법
어린이교통사고,스쿨존 교통사고,어린이 교통사고,평택 어린이 교통사고
어린이교통사고,스쿨존 교통사고,어린이 교통사고,전남 교통사고
어린이교통사고,스쿨존 교통사고,어린이 교통사고,어린이 교통사고 현황
어린이교통사고,스쿨존 교통사고,어린이 교통사고,동해시 민식이
어린이교통사고,스쿨존 교통사고,어린이 교통사고,동해시 스쿨존사고
어린이교통사고,스쿨존 교통사고,어린이 교통사고,강원도 스쿨존 사고
어린이교통사고,스쿨존 교통사고,어린이 교통사고,서산 어린이 교통사고
어린이교통사고,스쿨존 교통사고,어린이 교통사고,어린이 교통사고 통계
어린이교통사고,스쿨존 교통사고,어린이 교통사고,어린이 교통사고 사례
어린이교통사고,스쿨존 교통사고,어린이 교통사고,스쿨존 교통사고
어린이교통사고,스쿨존 교통사고,어린이 교통사고,어린이 교통사고 병원
어린이교통사고,스쿨존 교통사고,어린이 교통사고,경주 어린이 교통사고
어린이교통사고,스쿨존 교통사고,어린이 교통사고,어린이 교통사고 통계자료
어린이교통사고,스쿨존 교통사고,어린이 교통사고,어린이 교통사고 예방
어린이교통사고,스쿨존 교통사고,어린이 교통사고,어린이 교통사고 특성
어린이교통사고,스쿨존 교통사고,어린이 교통사고,어린이 교통사고 분석시스템
어린이교통사고,스쿨존 교통사고,어린이 교통사고,전주 어린이 교통사고
어린이교통사고,스쿨존 교통사고,어린이 교통사고,부산 교통사고
어린이교통사고,스쿨존 교통사고,어린이 교통사고,어린이 교통사고 유형
어린이교통사고,스쿨존 교통사고,어린이 교통사고,민식이법
어린이교통사고,스쿨존 교통사고,어린이 교통사고,평택 어린이 교통사고
어린이교통사고,스쿨존 교통사고,어린이 교통사고,전남 교통사고
어린이교통사고,스쿨존 교통사고,어린이 교통사고,어린이 교통사고 현황
어린이교통사고,스쿨존 교통사고,어린이 교통사고,동해시 민식이
어린이교통사고,스쿨존 교통사고,어린이 교통사고,동해시 스쿨존사고
어린이교통사고,스쿨존 교통사고,어린이 교통사고,강원도 스쿨존 사고
어린이교통사고,스쿨존 교통사고,어린이 교통사고,서산 어린이 교통사고
어린이교통사고,스쿨존 교통사고,어린이 교통사고,어린이 교통사고 통계
어린이교통사고,스쿨존 교통사고,어린이 교통사고,어린이 교통사고 사례
어린이교통사고,스쿨존 교통사고,어린이 교통사고,스쿨존 교통사고
어린이교통사고,스쿨존 교통사고,어린이 교통사고,어린이 교통사고 병원
어린이교통사고,스쿨존 교통사고,어린이 교통사고,경주 어린이 교통사고
어린이교통사고,스쿨존 교통사고,어린이 교통사고,어린이 교통사고 통계자료
어린이교통사고,스쿨존 교통사고,어린이 교통사고,어린이 교통사고 예방
어린이교통사고,스쿨존 교통사고,어린이 교통사고,어린이 교통사고 특성
어린이교통사고,스쿨존 교통사고,어린이 교통사고,어린이 교통사고 분석시스템
어린이교통사고,스쿨존 교통사고,어린이 교통사고,전주 어린이 교통사고
어린이교통사고,스쿨존 교통사고,어린이 교통사고,부산 교통사고
어린이교통사고,스쿨존 교통사고,어린이 교통사고,어린이 교통사고 유형
어린이교통사고,스쿨존 교통사고,어린이 교통사고,민식이법
어린이교통사고,스쿨존 교통사고,어린이 교통사고,평택 어린이 교통사고
어린이교통사고,스쿨존 교통사고,어린이 교통사고,전남 교통사고
어린이교통사고,스쿨존 교통사고,어린이 교통사고,어린이 교통사고 현황
어린이교통사고,스쿨존 교통사고,어린이 교통사고,동해시 민식이
어린이교통사고,스쿨존 교통사고,어린이 교통사고,동해시 스쿨존사고
어린이교통사고,스쿨존 교통사고,어린이 교통사고,강원도 스쿨존 사고
어린이교통사고,스쿨존 교통사고,어린이 교통사고,서산 어린이 교통사고
어린이교통사고,스쿨존 교통사고,어린이 교통사고,어린이 교통사고 통계
어린이교통사고,스쿨존 교통사고,어린이 교통사고,어린이 교통사고 사례
어린이교통사고,스쿨존 교통사고,어린이 교통사고,스쿨존 교통사고
어린이교통사고,스쿨존 교통사고,어린이 교통사고,어린이 교통사고 병원
어린이교통사고,스쿨존 교통사고,어린이 교통사고,경주 어린이 교통사고
어린이교통사고,스쿨존 교통사고,어린이 교통사고,어린이 교통사고 통계자료
어린이교통사고,스쿨존 교통사고,어린이 교통사고,어린이 교통사고 예방
어린이교통사고,스쿨존 교통사고,어린이 교통사고,어린이 교통사고 특성
어린이교통사고,스쿨존 교통사고,어린이 교통사고,어린이 교통사고 분석시스템
어린이교통사고,스쿨존 교통사고,어린이 교통사고,전주 어린이 교통사고
어린이교통사고,스쿨존 교통사고,어린이 교통사고,부산 교통사고
어린이교통사고,스쿨존 교통사고,어린이 교통사고,어린이 교통사고 유형
어린이교통사고,스쿨존 교통사고,어린이 교통사고,민식이법
어린이교통사고,스쿨존 교통사고,어린이 교통사고,평택 어린이 교통사고
어린이교통사고,스쿨존 교통사고,어린이 교통사고,전남 교통사고
어린이교통사고,스쿨존 교통사고,어린이 교통사고,어린이 교통사고 현황
어린이교통사고,스쿨존 교통사고,어린이 교통사고,동해시 민식이
어린이교통사고,스쿨존 교통사고,어린이 교통사고,동해시 스쿨존사고
어린이교통사고,스쿨존 교통사고,어린이 교통사고,강원도 스쿨존 사고
어린이교통사고,스쿨존 교통사고,어린이 교통사고,서산 어린이 교통사고
어린이교통사고,스쿨존 교통사고,어린이 교통사고,어린이 교통사고 통계
어린이교통사고,스쿨존 교통사고,어린이 교통사고,어린이 교통사고 사례
어린이교통사고,스쿨존 교통사고,어린이 교통사고,스쿨존 교통사고
어린이교통사고,스쿨존 교통사고,어린이 교통사고,어린이 교통사고 병원
어린이교통사고,스쿨존 교통사고,어린이 교통사고,경주 어린이 교통사고
어린이교통사고,스쿨존 교통사고,어린이 교통사고,어린이 교통사고 통계자료
어린이교통사고,스쿨존 교통사고,어린이 교통사고,어린이 교통사고 예방
어린이교통사고,스쿨존 교통사고,어린이 교통사고,어린이 교통사고 특성
어린이교통사고,스쿨존 교통사고,어린이 교통사고,어린이 교통사고 분석시스템
어린이교통사고,스쿨존 교통사고,어린이 교통사고,전주 어린이 교통사고
어린이교통사고,스쿨존 교통사고,어린이 교통사고,부산 교통사고
어린이교통사고,스쿨존 교통사고,어린이 교통사고,어린이 교통사고 유형
어린이교통사고,스쿨존 교통사고,어린이 교통사고,민식이법
어린이교통사고,스쿨존 교통사고,어린이 교통사고,평택 어린이 교통사고
어린이교통사고,스쿨존 교통사고,어린이 교통사고,전남 교통사고
어린이교통사고,스쿨존 교통사고,어린이 교통사고,어린이 교통사고 현황
어린이교통사고,스쿨존 교통사고,어린이 교통사고,동해시 민식이
어린이교통사고,스쿨존 교통사고,어린이 교통사고,동해시 스쿨존사고
어린이교통사고,스쿨존 교통사고,어린이 교통사고,강원도 스쿨존 사고
어린이교통사고,스쿨존 교통사고,어린이 교통사고,서산 어린이 교통사고
어린이교통사고,전남 교통사고,어린이 교통사고,어린이 교통사고 통계
어린이교통사고,전남 교통사고,어린이 교통사고,어린이 교통사고 사례
어린이교통사고,전남 교통사고,어린이 교통사고,스쿨존 교통사고
어린이교통사고,전남 교통사고,어린이 교통사고,어린이 교통사고 병원
어린이교통사고,전남 교통사고,어린이 교통사고,경주 어린이 교통사고
어린이교통사고,전남 교통사고,어린이 교통사고,어린이 교통사고 통계자료
어린이교통사고,전남 교통사고,어린이 교통사고,어린이 교통사고 예방
어린이교통사고,전남 교통사고,어린이 교통사고,어린이 교통사고 특성
어린이교통사고,전남 교통사고,어린이 교통사고,어린이 교통사고 분석시스템
어린이교통사고,전남 교통사고,어린이 교통사고,전주 어린이 교통사고
어린이교통사고,전남 교통사고,어린이 교통사고,부산 교통사고
어린이교통사고,전남 교통사고,어린이 교통사고,어린이 교통사고 유형
어린이교통사고,전남 교통사고,어린이 교통사고,민식이법
어린이교통사고,전남 교통사고,어린이 교통사고,평택 어린이 교통사고
어린이교통사고,전남 교통사고,어린이 교통사고,전남 교통사고
어린이교통사고,전남 교통사고,어린이 교통사고,어린이 교통사고 현황
어린이교통사고,전남 교통사고,어린이 교통사고,동해시 민식이
어린이교통사고,전남 교통사고,어린이 교통사고,동해시 스쿨존사고
어린이교통사고,전남 교통사고,어린이 교통사고,강원도 스쿨존 사고
어린이교통사고,전남 교통사고,어린이 교통사고,서산 어린이 교통사고
어린이교통사고,전남 교통사고,어린이 교통사고,어린이 교통사고 통계
어린이교통사고,전남 교통사고,어린이 교통사고,어린이 교통사고 사례
어린이교통사고,전남 교통사고,어린이 교통사고,스쿨존 교통사고
어린이교통사고,전남 교통사고,어린이 교통사고,어린이 교통사고 병원
어린이교통사고,전남 교통사고,어린이 교통사고,경주 어린이 교통사고
어린이교통사고,전남 교통사고,어린이 교통사고,어린이 교통사고 통계자료
어린이교통사고,전남 교통사고,어린이 교통사고,어린이 교통사고 예방
어린이교통사고,전남 교통사고,어린이 교통사고,어린이 교통사고 특성
어린이교통사고,전남 교통사고,어린이 교통사고,어린이 교통사고 분석시스템
어린이교통사고,전남 교통사고,어린이 교통사고,전주 어린이 교통사고
어린이교통사고,전남 교통사고,어린이 교통사고,부산 교통사고
어린이교통사고,전남 교통사고,어린이 교통사고,어린이 교통사고 유형
어린이교통사고,전남 교통사고,어린이 교통사고,민식이법
어린이교통사고,전남 교통사고,어린이 교통사고,평택 어린이 교통사고
어린이교통사고,전남 교통사고,어린이 교통사고,전남 교통사고
어린이교통사고,전남 교통사고,어린이 교통사고,어린이 교통사고 현황
어린이교통사고,전남 교통사고,어린이 교통사고,동해시 민식이
어린이교통사고,전남 교통사고,어린이 교통사고,동해시 스쿨존사고
어린이교통사고,전남 교통사고,어린이 교통사고,강원도 스쿨존 사고
어린이교통사고,전남 교통사고,어린이 교통사고,서산 어린이 교통사고
어린이교통사고,전남 교통사고,어린이 교통사고,어린이 교통사고 통계
어린이교통사고,전남 교통사고,어린이 교통사고,어린이 교통사고 사례
어린이교통사고,전남 교통사고,어린이 교통사고,스쿨존 교통사고
어린이교통사고,전남 교통사고,어린이 교통사고,어린이 교통사고 병원
어린이교통사고,전남 교통사고,어린이 교통사고,경주 어린이 교통사고
어린이교통사고,전남 교통사고,어린이 교통사고,어린이 교통사고 통계자료
어린이교통사고,전남 교통사고,어린이 교통사고,어린이 교통사고 예방
어린이교통사고,전남 교통사고,어린이 교통사고,어린이 교통사고 특성
어린이교통사고,전남 교통사고,어린이 교통사고,어린이 교통사고 분석시스템
어린이교통사고,전남 교통사고,어린이 교통사고,전주 어린이 교통사고
어린이교통사고,전남 교통사고,어린이 교통사고,부산 교통사고
어린이교통사고,전남 교통사고,어린이 교통사고,어린이 교통사고 유형
어린이교통사고,전남 교통사고,어린이 교통사고,민식이법
어린이교통사고,전남 교통사고,어린이 교통사고,평택 어린이 교통사고
어린이교통사고,전남 교통사고,어린이 교통사고,전남 교통사고
어린이교통사고,전남 교통사고,어린이 교통사고,어린이 교통사고 현황
어린이교통사고,전남 교통사고,어린이 교통사고,동해시 민식이
어린이교통사고,전남 교통사고,어린이 교통사고,동해시 스쿨존사고
어린이교통사고,전남 교통사고,어린이 교통사고,강원도 스쿨존 사고
어린이교통사고,전남 교통사고,어린이 교통사고,서산 어린이 교통사고
어린이교통사고,전남 교통사고,어린이 교통사고,어린이 교통사고 통계
어린이교통사고,전남 교통사고,어린이 교통사고,어린이 교통사고 사례
어린이교통사고,전남 교통사고,어린이 교통사고,스쿨존 교통사고
어린이교통사고,전남 교통사고,어린이 교통사고,어린이 교통사고 병원
어린이교통사고,전남 교통사고,어린이 교통사고,경주 어린이 교통사고
어린이교통사고,전남 교통사고,어린이 교통사고,어린이 교통사고 통계자료
어린이교통사고,전남 교통사고,어린이 교통사고,어린이 교통사고 예방
어린이교통사고,전남 교통사고,어린이 교통사고,어린이 교통사고 특성
어린이교통사고,전남 교통사고,어린이 교통사고,어린이 교통사고 분석시스템
어린이교통사고,전남 교통사고,어린이 교통사고,전주 어린이 교통사고
어린이교통사고,전남 교통사고,어린이 교통사고,부산 교통사고
어린이교통사고,전남 교통사고,어린이 교통사고,어린이 교통사고 유형
어린이교통사고,전남 교통사고,어린이 교통사고,민식이법
어린이교통사고,전남 교통사고,어린이 교통사고,평택 어린이 교통사고
어린이교통사고,전남 교통사고,어린이 교통사고,전남 교통사고
어린이교통사고,전남 교통사고,어린이 교통사고,어린이 교통사고 현황
어린이교통사고,전남 교통사고,어린이 교통사고,동해시 민식이
어린이교통사고,전남 교통사고,어린이 교통사고,동해시 스쿨존사고
어린이교통사고,전남 교통사고,어린이 교통사고,강원도 스쿨존 사고
어린이교통사고,전남 교통사고,어린이 교통사고,서산 어린이 교통사고
어린이교통사고,전남 교통사고,어린이 교통사고,어린이 교통사고 통계
어린이교통사고,전남 교통사고,어린이 교통사고,어린이 교통사고 사례
어린이교통사고,전남 교통사고,어린이 교통사고,스쿨존 교통사고
어린이교통사고,전남 교통사고,어린이 교통사고,어린이 교통사고 병원
어린이교통사고,전남 교통사고,어린이 교통사고,경주 어린이 교통사고
어린이교통사고,전남 교통사고,어린이 교통사고,어린이 교통사고 통계자료
어린이교통사고,전남 교통사고,어린이 교통사고,어린이 교통사고 예방
어린이교통사고,전남 교통사고,어린이 교통사고,어린이 교통사고 특성
어린이교통사고,전남 교통사고,어린이 교통사고,어린이 교통사고 분석시스템
어린이교통사고,전남 교통사고,어린이 교통사고,전주 어린이 교통사고
어린이교통사고,전남 교통사고,어린이 교통사고,부산 교통사고
어린이교통사고,전남 교통사고,어린이 교통사고,어린이 교통사고 유형
어린이교통사고,전남 교통사고,어린이 교통사고,민식이법
어린이교통사고,전남 교통사고,어린이 교통사고,평택 어린이 교통사고
어린이교통사고,전남 교통사고,어린이 교통사고,전남 교통사고
어린이교통사고,전남 교통사고,어린이 교통사고,어린이 교통사고 현황
어린이교통사고,전남 교통사고,어린이 교통사고,동해시 민식이
어린이교통사고,전남 교통사고,어린이 교통사고,동해시 스쿨존사고
어린이교통사고,전남 교통사고,어린이 교통사고,강원도 스쿨존 사고
어린이교통사고,전남 교통사고,어린이 교통사고,서산 어린이 교통사고
어린이교통사고,동해시 민식이,어린이 교통사고,어린이 교통사고 통계
어린이교통사고,동해시 민식이,어린이 교통사고,어린이 교통사고 사례
어린이교통사고,동해시 민식이,어린이 교통사고,스쿨존 교통사고
어린이교통사고,동해시 민식이,어린이 교통사고,어린이 교통사고 병원
어린이교통사고,동해시 민식이,어린이 교통사고,경주 어린이 교통사고
어린이교통사고,동해시 민식이,어린이 교통사고,어린이 교통사고 통계자료
어린이교통사고,동해시 민식이,어린이 교통사고,어린이 교통사고 예방
어린이교통사고,동해시 민식이,어린이 교통사고,어린이 교통사고 특성
어린이교통사고,동해시 민식이,어린이 교통사고,어린이 교통사고 분석시스템
어린이교통사고,동해시 민식이,어린이 교통사고,전주 어린이 교통사고
어린이교통사고,동해시 민식이,어린이 교통사고,부산 교통사고
어린이교통사고,동해시 민식이,어린이 교통사고,어린이 교통사고 유형
어린이교통사고,동해시 민식이,어린이 교통사고,민식이법
어린이교통사고,동해시 민식이,어린이 교통사고,평택 어린이 교통사고
어린이교통사고,동해시 민식이,어린이 교통사고,전남 교통사고
어린이교통사고,동해시 민식이,어린이 교통사고,어린이 교통사고 현황
어린이교통사고,동해시 민식이,어린이 교통사고,동해시 민식이
어린이교통사고,동해시 민식이,어린이 교통사고,동해시 스쿨존사고
어린이교통사고,동해시 민식이,어린이 교통사고,강원도 스쿨존 사고
어린이교통사고,동해시 민식이,어린이 교통사고,서산 어린이 교통사고
어린이교통사고,동해시 민식이,어린이 교통사고,어린이 교통사고 통계
어린이교통사고,동해시 민식이,어린이 교통사고,어린이 교통사고 사례
어린이교통사고,동해시 민식이,어린이 교통사고,스쿨존 교통사고
어린이교통사고,동해시 민식이,어린이 교통사고,어린이 교통사고 병원
어린이교통사고,동해시 민식이,어린이 교통사고,경주 어린이 교통사고
어린이교통사고,동해시 민식이,어린이 교통사고,어린이 교통사고 통계자료
어린이교통사고,동해시 민식이,어린이 교통사고,어린이 교통사고 예방
어린이교통사고,동해시 민식이,어린이 교통사고,어린이 교통사고 특성
어린이교통사고,동해시 민식이,어린이 교통사고,어린이 교통사고 분석시스템
어린이교통사고,동해시 민식이,어린이 교통사고,전주 어린이 교통사고
어린이교통사고,동해시 민식이,어린이 교통사고,부산 교통사고
어린이교통사고,동해시 민식이,어린이 교통사고,어린이 교통사고 유형
어린이교통사고,동해시 민식이,어린이 교통사고,민식이법
어린이교통사고,동해시 민식이,어린이 교통사고,평택 어린이 교통사고
어린이교통사고,동해시 민식이,어린이 교통사고,전남 교통사고
어린이교통사고,동해시 민식이,어린이 교통사고,어린이 교통사고 현황
어린이교통사고,동해시 민식이,어린이 교통사고,동해시 민식이
어린이교통사고,동해시 민식이,어린이 교통사고,동해시 스쿨존사고
어린이교통사고,동해시 민식이,어린이 교통사고,강원도 스쿨존 사고
어린이교통사고,동해시 민식이,어린이 교통사고,서산 어린이 교통사고
어린이교통사고,동해시 민식이,어린이 교통사고,어린이 교통사고 통계
어린이교통사고,동해시 민식이,어린이 교통사고,어린이 교통사고 사례
어린이교통사고,동해시 민식이,어린이 교통사고,스쿨존 교통사고
어린이교통사고,동해시 민식이,어린이 교통사고,어린이 교통사고 병원
어린이교통사고,동해시 민식이,어린이 교통사고,경주 어린이 교통사고
어린이교통사고,동해시 민식이,어린이 교통사고,어린이 교통사고 통계자료
어린이교통사고,동해시 민식이,어린이 교통사고,어린이 교통사고 예방
어린이교통사고,동해시 민식이,어린이 교통사고,어린이 교통사고 특성
어린이교통사고,동해시 민식이,어린이 교통사고,어린이 교통사고 분석시스템
어린이교통사고,동해시 민식이,어린이 교통사고,전주 어린이 교통사고
어린이교통사고,동해시 민식이,어린이 교통사고,부산 교통사고
어린이교통사고,동해시 민식이,어린이 교통사고,어린이 교통사고 유형
어린이교통사고,동해시 민식이,어린이 교통사고,민식이법
어린이교통사고,동해시 민식이,어린이 교통사고,평택 어린이 교통사고
어린이교통사고,동해시 민식이,어린이 교통사고,전남 교통사고
어린이교통사고,동해시 민식이,어린이 교통사고,어린이 교통사고 현황
어린이교통사고,동해시 민식이,어린이 교통사고,동해시 민식이
어린이교통사고,동해시 민식이,어린이 교통사고,동해시 스쿨존사고
어린이교통사고,동해시 민식이,어린이 교통사고,강원도 스쿨존 사고
어린이교통사고,동해시 민식이,어린이 교통사고,서산 어린이 교통사고
어린이교통사고,동해시 민식이,어린이 교통사고,어린이 교통사고 통계
어린이교통사고,동해시 민식이,어린이 교통사고,어린이 교통사고 사례
어린이교통사고,동해시 민식이,어린이 교통사고,스쿨존 교통사고
어린이교통사고,동해시 민식이,어린이 교통사고,어린이 교통사고 병원
어린이교통사고,동해시 민식이,어린이 교통사고,경주 어린이 교통사고
어린이교통사고,동해시 민식이,어린이 교통사고,어린이 교통사고 통계자료
어린이교통사고,동해시 민식이,어린이 교통사고,어린이 교통사고 예방
어린이교통사고,동해시 민식이,어린이 교통사고,어린이 교통사고 특성
어린이교통사고,동해시 민식이,어린이 교통사고,어린이 교통사고 분석시스템
어린이교통사고,동해시 민식이,어린이 교통사고,전주 어린이 교통사고
어린이교통사고,동해시 민식이,어린이 교통사고,부산 교통사고
어린이교통사고,동해시 민식이,어린이 교통사고,어린이 교통사고 유형
어린이교통사고,동해시 민식이,어린이 교통사고,민식이법
어린이교통사고,동해시 민식이,어린이 교통사고,평택 어린이 교통사고
어린이교통사고,동해시 민식이,어린이 교통사고,전남 교통사고
어린이교통사고,동해시 민식이,어린이 교통사고,어린이 교통사고 현황
어린이교통사고,동해시 민식이,어린이 교통사고,동해시 민식이
어린이교통사고,동해시 민식이,어린이 교통사고,동해시 스쿨존사고
어린이교통사고,동해시 민식이,어린이 교통사고,강원도 스쿨존 사고
어린이교통사고,동해시 민식이,어린이 교통사고,서산 어린이 교통사고
어린이교통사고,동해시 민식이,어린이 교통사고,어린이 교통사고 통계
어린이교통사고,동해시 민식이,어린이 교통사고,어린이 교통사고 사례
어린이교통사고,동해시 민식이,어린이 교통사고,스쿨존 교통사고
어린이교통사고,동해시 민식이,어린이 교통사고,어린이 교통사고 병원
어린이교통사고,동해시 민식이,어린이 교통사고,경주 어린이 교통사고
어린이교통사고,동해시 민식이,어린이 교통사고,어린이 교통사고 통계자료
어린이교통사고,동해시 민식이,어린이 교통사고,어린이 교통사고 예방
어린이교통사고,동해시 민식이,어린이 교통사고,어린이 교통사고 특성
어린이교통사고,동해시 민식이,어린이 교통사고,어린이 교통사고 분석시스템
어린이교통사고,동해시 민식이,어린이 교통사고,전주 어린이 교통사고
어린이교통사고,동해시 민식이,어린이 교통사고,부산 교통사고
어린이교통사고,동해시 민식이,어린이 교통사고,어린이 교통사고 유형
어린이교통사고,동해시 민식이,어린이 교통사고,민식이법
어린이교통사고,동해시 민식이,어린이 교통사고,평택 어린이 교통사고
어린이교통사고,동해시 민식이,어린이 교통사고,전남 교통사고
어린이교통사고,동해시 민식이,어린이 교통사고,어린이 교통사고 현황
어린이교통사고,동해시 민식이,어린이 교통사고,동해시 민식이
어린이교통사고,동해시 민식이,어린이 교통사고,동해시 스쿨존사고
어린이교통사고,동해시 민식이,어린이 교통사고,강원도 스쿨존 사고
어린이교통사고,동해시 민식이,어린이 교통사고,서산 어린이 교통사고
어린이교통사고,동해시 스쿨존사고,어린이 교통사고,어린이 교통사고 통계
어린이교통사고,동해시 스쿨존사고,어린이 교통사고,어린이 교통사고 사례
어린이교통사고,동해시 스쿨존사고,어린이 교통사고,스쿨존 교통사고
어린이교통사고,동해시 스쿨존사고,어린이 교통사고,어린이 교통사고 병원
어린이교통사고,동해시 스쿨존사고,어린이 교통사고,경주 어린이 교통사고
어린이교통사고,동해시 스쿨존사고,어린이 교통사고,어린이 교통사고 통계자료
어린이교통사고,동해시 스쿨존사고,어린이 교통사고,어린이 교통사고 예방
어린이교통사고,동해시 스쿨존사고,어린이 교통사고,어린이 교통사고 특성
어린이교통사고,동해시 스쿨존사고,어린이 교통사고,어린이 교통사고 분석시스템
어린이교통사고,동해시 스쿨존사고,어린이 교통사고,전주 어린이 교통사고
어린이교통사고,동해시 스쿨존사고,어린이 교통사고,부산 교통사고
어린이교통사고,동해시 스쿨존사고,어린이 교통사고,어린이 교통사고 유형
어린이교통사고,동해시 스쿨존사고,어린이 교통사고,민식이법
어린이교통사고,동해시 스쿨존사고,어린이 교통사고,평택 어린이 교통사고
어린이교통사고,동해시 스쿨존사고,어린이 교통사고,전남 교통사고
어린이교통사고,동해시 스쿨존사고,어린이 교통사고,어린이 교통사고 현황
어린이교통사고,동해시 스쿨존사고,어린이 교통사고,동해시 민식이
어린이교통사고,동해시 스쿨존사고,어린이 교통사고,동해시 스쿨존사고
어린이교통사고,동해시 스쿨존사고,어린이 교통사고,강원도 스쿨존 사고
어린이교통사고,동해시 스쿨존사고,어린이 교통사고,서산 어린이 교통사고
어린이교통사고,동해시 스쿨존사고,어린이 교통사고,어린이 교통사고 통계
어린이교통사고,동해시 스쿨존사고,어린이 교통사고,어린이 교통사고 사례
어린이교통사고,동해시 스쿨존사고,어린이 교통사고,스쿨존 교통사고
어린이교통사고,동해시 스쿨존사고,어린이 교통사고,어린이 교통사고 병원
어린이교통사고,동해시 스쿨존사고,어린이 교통사고,경주 어린이 교통사고
어린이교통사고,동해시 스쿨존사고,어린이 교통사고,어린이 교통사고 통계자료
어린이교통사고,동해시 스쿨존사고,어린이 교통사고,어린이 교통사고 예방
어린이교통사고,동해시 스쿨존사고,어린이 교통사고,어린이 교통사고 특성
어린이교통사고,동해시 스쿨존사고,어린이 교통사고,어린이 교통사고 분석시스템
어린이교통사고,동해시 스쿨존사고,어린이 교통사고,전주 어린이 교통사고
어린이교통사고,동해시 스쿨존사고,어린이 교통사고,부산 교통사고
어린이교통사고,동해시 스쿨존사고,어린이 교통사고,어린이 교통사고 유형
어린이교통사고,동해시 스쿨존사고,어린이 교통사고,민식이법
어린이교통사고,동해시 스쿨존사고,어린이 교통사고,평택 어린이 교통사고
어린이교통사고,동해시 스쿨존사고,어린이 교통사고,전남 교통사고
어린이교통사고,동해시 스쿨존사고,어린이 교통사고,어린이 교통사고 현황
어린이교통사고,동해시 스쿨존사고,어린이 교통사고,동해시 민식이
어린이교통사고,동해시 스쿨존사고,어린이 교통사고,동해시 스쿨존사고
어린이교통사고,동해시 스쿨존사고,어린이 교통사고,강원도 스쿨존 사고
어린이교통사고,동해시 스쿨존사고,어린이 교통사고,서산 어린이 교통사고
어린이교통사고,동해시 스쿨존사고,어린이 교통사고,어린이 교통사고 통계
어린이교통사고,동해시 스쿨존사고,어린이 교통사고,어린이 교통사고 사례
어린이교통사고,동해시 스쿨존사고,어린이 교통사고,스쿨존 교통사고
어린이교통사고,동해시 스쿨존사고,어린이 교통사고,어린이 교통사고 병원
어린이교통사고,동해시 스쿨존사고,어린이 교통사고,경주 어린이 교통사고
어린이교통사고,동해시 스쿨존사고,어린이 교통사고,어린이 교통사고 통계자료
어린이교통사고,동해시 스쿨존사고,어린이 교통사고,어린이 교통사고 예방
어린이교통사고,동해시 스쿨존사고,어린이 교통사고,어린이 교통사고 특성
어린이교통사고,동해시 스쿨존사고,어린이 교통사고,어린이 교통사고 분석시스템
어린이교통사고,동해시 스쿨존사고,어린이 교통사고,전주 어린이 교통사고
어린이교통사고,동해시 스쿨존사고,어린이 교통사고,부산 교통사고
어린이교통사고,동해시 스쿨존사고,어린이 교통사고,어린이 교통사고 유형
어린이교통사고,동해시 스쿨존사고,어린이 교통사고,민식이법
어린이교통사고,동해시 스쿨존사고,어린이 교통사고,평택 어린이 교통사고
어린이교통사고,동해시 스쿨존사고,어린이 교통사고,전남 교통사고
어린이교통사고,동해시 스쿨존사고,어린이 교통사고,어린이 교통사고 현황
어린이교통사고,동해시 스쿨존사고,어린이 교통사고,동해시 민식이
어린이교통사고,동해시 스쿨존사고,어린이 교통사고,동해시 스쿨존사고
어린이교통사고,동해시 스쿨존사고,어린이 교통사고,강원도 스쿨존 사고
어린이교통사고,동해시 스쿨존사고,어린이 교통사고,서산 어린이 교통사고
어린이교통사고,동해시 스쿨존사고,어린이 교통사고,어린이 교통사고 통계
어린이교통사고,동해시 스쿨존사고,어린이 교통사고,어린이 교통사고 사례
어린이교통사고,동해시 스쿨존사고,어린이 교통사고,스쿨존 교통사고
어린이교통사고,동해시 스쿨존사고,어린이 교통사고,어린이 교통사고 병원
어린이교통사고,동해시 스쿨존사고,어린이 교통사고,경주 어린이 교통사고
어린이교통사고,동해시 스쿨존사고,어린이 교통사고,어린이 교통사고 통계자료
어린이교통사고,동해시 스쿨존사고,어린이 교통사고,어린이 교통사고 예방
어린이교통사고,동해시 스쿨존사고,어린이 교통사고,어린이 교통사고 특성
어린이교통사고,동해시 스쿨존사고,어린이 교통사고,어린이 교통사고 분석시스템
어린이교통사고,동해시 스쿨존사고,어린이 교통사고,전주 어린이 교통사고
어린이교통사고,동해시 스쿨존사고,어린이 교통사고,부산 교통사고
어린이교통사고,동해시 스쿨존사고,어린이 교통사고,어린이 교통사고 유형
어린이교통사고,동해시 스쿨존사고,어린이 교통사고,민식이법
어린이교통사고,동해시 스쿨존사고,어린이 교통사고,평택 어린이 교통사고
어린이교통사고,동해시 스쿨존사고,어린이 교통사고,전남 교통사고
어린이교통사고,동해시 스쿨존사고,어린이 교통사고,어린이 교통사고 현황
어린이교통사고,동해시 스쿨존사고,어린이 교통사고,동해시 민식이
어린이교통사고,동해시 스쿨존사고,어린이 교통사고,동해시 스쿨존사고
어린이교통사고,동해시 스쿨존사고,어린이 교통사고,강원도 스쿨존 사고
어린이교통사고,동해시 스쿨존사고,어린이 교통사고,서산 어린이 교통사고
어린이교통사고,동해시 스쿨존사고,어린이 교통사고,어린이 교통사고 통계
어린이교통사고,동해시 스쿨존사고,어린이 교통사고,어린이 교통사고 사례
어린이교통사고,동해시 스쿨존사고,어린이 교통사고,스쿨존 교통사고
어린이교통사고,동해시 스쿨존사고,어린이 교통사고,어린이 교통사고 병원
어린이교통사고,동해시 스쿨존사고,어린이 교통사고,경주 어린이 교통사고
어린이교통사고,동해시 스쿨존사고,어린이 교통사고,어린이 교통사고 통계자료
어린이교통사고,동해시 스쿨존사고,어린이 교통사고,어린이 교통사고 예방
어린이교통사고,동해시 스쿨존사고,어린이 교통사고,어린이 교통사고 특성
어린이교통사고,동해시 스쿨존사고,어린이 교통사고,어린이 교통사고 분석시스템
어린이교통사고,동해시 스쿨존사고,어린이 교통사고,전주 어린이 교통사고
어린이교통사고,동해시 스쿨존사고,어린이 교통사고,부산 교통사고
어린이교통사고,동해시 스쿨존사고,어린이 교통사고,어린이 교통사고 유형
어린이교통사고,동해시 스쿨존사고,어린이 교통사고,민식이법
어린이교통사고,동해시 스쿨존사고,어린이 교통사고,평택 어린이 교통사고
어린이교통사고,동해시 스쿨존사고,어린이 교통사고,전남 교통사고
어린이교통사고,동해시 스쿨존사고,어린이 교통사고,어린이 교통사고 현황
어린이교통사고,동해시 스쿨존사고,어린이 교통사고,동해시 민식이
어린이교통사고,동해시 스쿨존사고,어린이 교통사고,동해시 스쿨존사고
어린이교통사고,동해시 스쿨존사고,어린이 교통사고,강원도 스쿨존 사고
어린이교통사고,동해시 스쿨존사고,어린이 교통사고,서산 어린이 교통사고
어린이교통사고,강원도 스쿨존 사고,어린이 교통사고,어린이 교통사고 통계
어린이교통사고,강원도 스쿨존 사고,어린이 교통사고,어린이 교통사고 사례
어린이교통사고,강원도 스쿨존 사고,어린이 교통사고,스쿨존 교통사고
어린이교통사고,강원도 스쿨존 사고,어린이 교통사고,어린이 교통사고 병원
어린이교통사고,강원도 스쿨존 사고,어린이 교통사고,경주 어린이 교통사고
어린이교통사고,강원도 스쿨존 사고,어린이 교통사고,어린이 교통사고 통계자료
어린이교통사고,강원도 스쿨존 사고,어린이 교통사고,어린이 교통사고 예방
어린이교통사고,강원도 스쿨존 사고,어린이 교통사고,어린이 교통사고 특성
어린이교통사고,강원도 스쿨존 사고,어린이 교통사고,어린이 교통사고 분석시스템
어린이교통사고,강원도 스쿨존 사고,어린이 교통사고,전주 어린이 교통사고
어린이교통사고,강원도 스쿨존 사고,어린이 교통사고,부산 교통사고
어린이교통사고,강원도 스쿨존 사고,어린이 교통사고,어린이 교통사고 유형
어린이교통사고,강원도 스쿨존 사고,어린이 교통사고,민식이법
어린이교통사고,강원도 스쿨존 사고,어린이 교통사고,평택 어린이 교통사고
어린이교통사고,강원도 스쿨존 사고,어린이 교통사고,전남 교통사고
어린이교통사고,강원도 스쿨존 사고,어린이 교통사고,어린이 교통사고 현황
어린이교통사고,강원도 스쿨존 사고,어린이 교통사고,동해시 민식이
어린이교통사고,강원도 스쿨존 사고,어린이 교통사고,동해시 스쿨존사고
어린이교통사고,강원도 스쿨존 사고,어린이 교통사고,강원도 스쿨존 사고
어린이교통사고,강원도 스쿨존 사고,어린이 교통사고,서산 어린이 교통사고
어린이교통사고,강원도 스쿨존 사고,어린이 교통사고,어린이 교통사고 통계
어린이교통사고,강원도 스쿨존 사고,어린이 교통사고,어린이 교통사고 사례
어린이교통사고,강원도 스쿨존 사고,어린이 교통사고,스쿨존 교통사고
어린이교통사고,강원도 스쿨존 사고,어린이 교통사고,어린이 교통사고 병원
어린이교통사고,강원도 스쿨존 사고,어린이 교통사고,경주 어린이 교통사고
어린이교통사고,강원도 스쿨존 사고,어린이 교통사고,어린이 교통사고 통계자료
어린이교통사고,강원도 스쿨존 사고,어린이 교통사고,어린이 교통사고 예방
어린이교통사고,강원도 스쿨존 사고,어린이 교통사고,어린이 교통사고 특성
어린이교통사고,강원도 스쿨존 사고,어린이 교통사고,어린이 교통사고 분석시스템
어린이교통사고,강원도 스쿨존 사고,어린이 교통사고,전주 어린이 교통사고
어린이교통사고,강원도 스쿨존 사고,어린이 교통사고,부산 교통사고
어린이교통사고,강원도 스쿨존 사고,어린이 교통사고,어린이 교통사고 유형
어린이교통사고,강원도 스쿨존 사고,어린이 교통사고,민식이법
어린이교통사고,강원도 스쿨존 사고,어린이 교통사고,평택 어린이 교통사고
어린이교통사고,강원도 스쿨존 사고,어린이 교통사고,전남 교통사고
어린이교통사고,강원도 스쿨존 사고,어린이 교통사고,어린이 교통사고 현황
어린이교통사고,강원도 스쿨존 사고,어린이 교통사고,동해시 민식이
어린이교통사고,강원도 스쿨존 사고,어린이 교통사고,동해시 스쿨존사고
어린이교통사고,강원도 스쿨존 사고,어린이 교통사고,강원도 스쿨존 사고
어린이교통사고,강원도 스쿨존 사고,어린이 교통사고,서산 어린이 교통사고
어린이교통사고,강원도 스쿨존 사고,어린이 교통사고,어린이 교통사고 통계
어린이교통사고,강원도 스쿨존 사고,어린이 교통사고,어린이 교통사고 사례
어린이교통사고,강원도 스쿨존 사고,어린이 교통사고,스쿨존 교통사고
어린이교통사고,강원도 스쿨존 사고,어린이 교통사고,어린이 교통사고 병원
어린이교통사고,강원도 스쿨존 사고,어린이 교통사고,경주 어린이 교통사고
어린이교통사고,강원도 스쿨존 사고,어린이 교통사고,어린이 교통사고 통계자료
어린이교통사고,강원도 스쿨존 사고,어린이 교통사고,어린이 교통사고 예방
어린이교통사고,강원도 스쿨존 사고,어린이 교통사고,어린이 교통사고 특성
어린이교통사고,강원도 스쿨존 사고,어린이 교통사고,어린이 교통사고 분석시스템
어린이교통사고,강원도 스쿨존 사고,어린이 교통사고,전주 어린이 교통사고
어린이교통사고,강원도 스쿨존 사고,어린이 교통사고,부산 교통사고
어린이교통사고,강원도 스쿨존 사고,어린이 교통사고,어린이 교통사고 유형
어린이교통사고,강원도 스쿨존 사고,어린이 교통사고,민식이법
어린이교통사고,강원도 스쿨존 사고,어린이 교통사고,평택 어린이 교통사고
어린이교통사고,강원도 스쿨존 사고,어린이 교통사고,전남 교통사고
어린이교통사고,강원도 스쿨존 사고,어린이 교통사고,어린이 교통사고 현황
어린이교통사고,강원도 스쿨존 사고,어린이 교통사고,동해시 민식이
어린이교통사고,강원도 스쿨존 사고,어린이 교통사고,동해시 스쿨존사고
어린이교통사고,강원도 스쿨존 사고,어린이 교통사고,강원도 스쿨존 사고
어린이교통사고,강원도 스쿨존 사고,어린이 교통사고,서산 어린이 교통사고
어린이교통사고,강원도 스쿨존 사고,어린이 교통사고,어린이 교통사고 통계
어린이교통사고,강원도 스쿨존 사고,어린이 교통사고,어린이 교통사고 사례
어린이교통사고,강원도 스쿨존 사고,어린이 교통사고,스쿨존 교통사고
어린이교통사고,강원도 스쿨존 사고,어린이 교통사고,어린이 교통사고 병원
어린이교통사고,강원도 스쿨존 사고,어린이 교통사고,경주 어린이 교통사고
어린이교통사고,강원도 스쿨존 사고,어린이 교통사고,어린이 교통사고 통계자료
어린이교통사고,강원도 스쿨존 사고,어린이 교통사고,어린이 교통사고 예방
어린이교통사고,강원도 스쿨존 사고,어린이 교통사고,어린이 교통사고 특성
어린이교통사고,강원도 스쿨존 사고,어린이 교통사고,어린이 교통사고 분석시스템
어린이교통사고,강원도 스쿨존 사고,어린이 교통사고,전주 어린이 교통사고
어린이교통사고,강원도 스쿨존 사고,어린이 교통사고,부산 교통사고
어린이교통사고,강원도 스쿨존 사고,어린이 교통사고,어린이 교통사고 유형
어린이교통사고,강원도 스쿨존 사고,어린이 교통사고,민식이법
어린이교통사고,강원도 스쿨존 사고,어린이 교통사고,평택 어린이 교통사고
어린이교통사고,강원도 스쿨존 사고,어린이 교통사고,전남 교통사고
어린이교통사고,강원도 스쿨존 사고,어린이 교통사고,어린이 교통사고 현황
어린이교통사고,강원도 스쿨존 사고,어린이 교통사고,동해시 민식이
어린이교통사고,강원도 스쿨존 사고,어린이 교통사고,동해시 스쿨존사고
어린이교통사고,강원도 스쿨존 사고,어린이 교통사고,강원도 스쿨존 사고
어린이교통사고,강원도 스쿨존 사고,어린이 교통사고,서산 어린이 교통사고
어린이교통사고,강원도 스쿨존 사고,어린이 교통사고,어린이 교통사고 통계
어린이교통사고,강원도 스쿨존 사고,어린이 교통사고,어린이 교통사고 사례
어린이교통사고,강원도 스쿨존 사고,어린이 교통사고,스쿨존 교통사고
어린이교통사고,강원도 스쿨존 사고,어린이 교통사고,어린이 교통사고 병원
어린이교통사고,강원도 스쿨존 사고,어린이 교통사고,경주 어린이 교통사고
어린이교통사고,강원도 스쿨존 사고,어린이 교통사고,어린이 교통사고 통계자료
어린이교통사고,강원도 스쿨존 사고,어린이 교통사고,어린이 교통사고 예방
어린이교통사고,강원도 스쿨존 사고,어린이 교통사고,어린이 교통사고 특성
어린이교통사고,강원도 스쿨존 사고,어린이 교통사고,어린이 교통사고 분석시스템
어린이교통사고,강원도 스쿨존 사고,어린이 교통사고,전주 어린이 교통사고
어린이교통사고,강원도 스쿨존 사고,어린이 교통사고,부산 교통사고
어린이교통사고,강원도 스쿨존 사고,어린이 교통사고,어린이 교통사고 유형
어린이교통사고,강원도 스쿨존 사고,어린이 교통사고,민식이법
어린이교통사고,강원도 스쿨존 사고,어린이 교통사고,평택 어린이 교통사고
어린이교통사고,강원도 스쿨존 사고,어린이 교통사고,전남 교통사고
어린이교통사고,강원도 스쿨존 사고,어린이 교통사고,어린이 교통사고 현황
어린이교통사고,강원도 스쿨존 사고,어린이 교통사고,동해시 민식이
어린이교통사고,강원도 스쿨존 사고,어린이 교통사고,동해시 스쿨존사고
어린이교통사고,강원도 스쿨존 사고,어린이 교통사고,강원도 스쿨존 사고
어린이교통사고,강원도 스쿨존 사고,어린이 교통사고,서산 어린이 교통사고
어린이교통사고,스쿨존 교통사고,전주시 교통사고,전주시 사건사고
어린이교통사고,스쿨존 교통사고,전주시 교통사고,완주군 교통사고
어린이교통사고,스쿨존 교통사고,전주시 교통사고,전주 사망사고
어린이교통사고,스쿨존 교통사고,전주시 교통사고,평화동 교통사고
어린이교통사고,스쿨존 교통사고,전주시 교통사고,전주 어린이 교통사고
어린이교통사고,스쿨존 교통사고,전주시 교통사고,전주 음주운전
어린이교통사고,스쿨존 교통사고,전주시 교통사고,스쿨존 교통사고
어린이교통사고,스쿨존 교통사고,전주시 교통사고,전주 음주사고
어린이교통사고,스쿨존 교통사고,전주시 교통사고,전북뉴스 사건사고
어린이교통사고,스쿨존 교통사고,전주시 교통사고,전주 반월동 스쿨존
어린이교통사고,스쿨존 교통사고,전주시 교통사고,전북스쿨존 사고
어린이교통사고,스쿨존 교통사고,전주시 교통사고,반월동스쿨존유아 사망
어린이교통사고,스쿨존 교통사고,전주시 교통사고,전주 음주운전 사망사고
어린이교통사고,스쿨존 교통사고,전주시 교통사고,2세 교통사고
어린이교통사고,스쿨존 교통사고,전주시 교통사고,전주 스쿨존 사망사고
어린이교통사고,스쿨존 교통사고,전주시 교통사고,포천시 스쿨존 사고
어린이교통사고,스쿨존 교통사고,전주시 교통사고,2살 교통사고
어린이교통사고,스쿨존 교통사고,전주시 교통사고,전주시 사건사고
어린이교통사고,스쿨존 교통사고,전주시 교통사고,완주군 교통사고
어린이교통사고,스쿨존 교통사고,전주시 교통사고,전주 사망사고
어린이교통사고,스쿨존 교통사고,전주시 교통사고,평화동 교통사고
어린이교통사고,스쿨존 교통사고,전주시 교통사고,전주 어린이 교통사고
어린이교통사고,스쿨존 교통사고,전주시 교통사고,전주 음주운전
어린이교통사고,스쿨존 교통사고,전주시 교통사고,스쿨존 교통사고
어린이교통사고,스쿨존 교통사고,전주시 교통사고,전주 음주사고
어린이교통사고,스쿨존 교통사고,전주시 교통사고,전북뉴스 사건사고
어린이교통사고,스쿨존 교통사고,전주시 교통사고,전주 반월동 스쿨존
어린이교통사고,스쿨존 교통사고,전주시 교통사고,전북스쿨존 사고
어린이교통사고,스쿨존 교통사고,전주시 교통사고,반월동스쿨존유아 사망
어린이교통사고,스쿨존 교통사고,전주시 교통사고,전주 음주운전 사망사고
어린이교통사고,스쿨존 교통사고,전주시 교통사고,2세 교통사고
어린이교통사고,스쿨존 교통사고,전주시 교통사고,전주 스쿨존 사망사고
어린이교통사고,스쿨존 교통사고,전주시 교통사고,포천시 스쿨존 사고
어린이교통사고,스쿨존 교통사고,전주시 교통사고,2살 교통사고
어린이교통사고,전주 어린이 교통사고,전주시 교통사고,전주시 사건사고
어린이교통사고,전주 어린이 교통사고,전주시 교통사고,완주군 교통사고
어린이교통사고,전주 어린이 교통사고,전주시 교통사고,전주 사망사고
어린이교통사고,전주 어린이 교통사고,전주시 교통사고,평화동 교통사고
어린이교통사고,전주 어린이 교통사고,전주시 교통사고,전주 어린이 교통사고
어린이교통사고,전주 어린이 교통사고,전주시 교통사고,전주 음주운전
어린이교통사고,전주 어린이 교통사고,전주시 교통사고,스쿨존 교통사고
어린이교통사고,전주 어린이 교통사고,전주시 교통사고,전주 음주사고
어린이교통사고,전주 어린이 교통사고,전주시 교통사고,전북뉴스 사건사고
어린이교통사고,전주 어린이 교통사고,전주시 교통사고,전주 반월동 스쿨존
어린이교통사고,전주 어린이 교통사고,전주시 교통사고,전북스쿨존 사고
어린이교통사고,전주 어린이 교통사고,전주시 교통사고,반월동스쿨존유아 사망
어린이교통사고,전주 어린이 교통사고,전주시 교통사고,전주 음주운전 사망사고
어린이교통사고,전주 어린이 교통사고,전주시 교통사고,2세 교통사고
어린이교통사고,전주 어린이 교통사고,전주시 교통사고,전주 스쿨존 사망사고
어린이교통사고,전주 어린이 교통사고,전주시 교통사고,포천시 스쿨존 사고
어린이교통사고,전주 어린이 교통사고,전주시 교통사고,2살 교통사고
어린이교통사고,전주 어린이 교통사고,전주시 교통사고,전주시 사건사고
어린이교통사고,전주 어린이 교통사고,전주시 교통사고,완주군 교통사고
어린이교통사고,전주 어린이 교통사고,전주시 교통사고,전주 사망사고
어린이교통사고,전주 어린이 교통사고,전주시 교통사고,평화동 교통사고
어린이교통사고,전주 어린이 교통사고,전주시 교통사고,전주 어린이 교통사고
어린이교통사고,전주 어린이 교통사고,전주시 교통사고,전주 음주운전
어린이교통사고,전주 어린이 교통사고,전주시 교통사고,스쿨존 교통사고
어린이교통사고,전주 어린이 교통사고,전주시 교통사고,전주 음주사고
어린이교통사고,전주 어린이 교통사고,전주시 교통사고,전북뉴스 사건사고
어린이교통사고,전주 어린이 교통사고,전주시 교통사고,전주 반월동 스쿨존
어린이교통사고,전주 어린이 교통사고,전주시 교통사고,전북스쿨존 사고
어린이교통사고,전주 어린이 교통사고,전주시 교통사고,반월동스쿨존유아 사망
어린이교통사고,전주 어린이 교통사고,전주시 교통사고,전주 음주운전 사망사고
어린이교통사고,전주 어린이 교통사고,전주시 교통사고,2세 교통사고
어린이교통사고,전주 어린이 교통사고,전주시 교통사고,전주 스쿨존 사망사고
어린이교통사고,전주 어린이 교통사고,전주시 교통사고,포천시 스쿨존 사고
어린이교통사고,전주 어린이 교통사고,전주시 교통사고,2살 교통사고
어린이교통사고,스쿨존 교통사고,민식이법 내용,민식이법 사고내용
어린이교통사고,스쿨존 교통사고,민식이법 내용,민식이법 운전자보험
어린이교통사고,스쿨존 교통사고,민식이법 내용,민식이법 주요내용
어린이교통사고,스쿨존 교통사고,민식이법 내용,민식이법 세부 내용
어린이교통사고,스쿨존 교통사고,민식이법 내용,하준이법 내용
어린이교통사고,스쿨존 교통사고,민식이법 내용,민식이법 가해자
어린이교통사고,스쿨존 교통사고,민식이법 내용,민식이 엄마
어린이교통사고,스쿨존 교통사고,민식이법 내용,민식이 교통사고
어린이교통사고,스쿨존 교통사고,민식이법 내용,어린이 보호구역
어린이교통사고,스쿨존 교통사고,민식이법 내용,민식이법 벌금
어린이교통사고,스쿨존 교통사고,민식이법 내용,스쿨존
어린이교통사고,스쿨존 교통사고,민식이법 내용,민식이법 이란
어린이교통사고,스쿨존 교통사고,민식이법 내용,민식이법 문제점
어린이교통사고,스쿨존 교통사고,민식이법 내용,민식이법 시행일
어린이교통사고,스쿨존 교통사고,민식이법 내용,민식이법 블랙박스
어린이교통사고,스쿨존 교통사고,민식이법 내용,민식이 교통사고 블랙박스
어린이교통사고,스쿨존 교통사고,민식이법 내용,민식이법 전문
어린이교통사고,스쿨존 교통사고,민식이법 내용,이정아 판사
어린이교통사고,스쿨존 교통사고,민식이법 내용,12대 중과실
어린이교통사고,스쿨존 교통사고,민식이법 내용,윤창호법 내용
어린이교통사고,스쿨존 교통사고,민식이법 내용,민식이법 사고내용
어린이교통사고,스쿨존 교통사고,민식이법 내용,민식이법 운전자보험
어린이교통사고,스쿨존 교통사고,민식이법 내용,민식이법 주요내용
어린이교통사고,스쿨존 교통사고,민식이법 내용,민식이법 세부 내용
어린이교통사고,스쿨존 교통사고,민식이법 내용,하준이법 내용
어린이교통사고,스쿨존 교통사고,민식이법 내용,민식이법 가해자
어린이교통사고,스쿨존 교통사고,민식이법 내용,민식이 엄마
어린이교통사고,스쿨존 교통사고,민식이법 내용,민식이 교통사고
어린이교통사고,스쿨존 교통사고,민식이법 내용,어린이 보호구역
어린이교통사고,스쿨존 교통사고,민식이법 내용,민식이법 벌금
어린이교통사고,스쿨존 교통사고,민식이법 내용,스쿨존
어린이교통사고,스쿨존 교통사고,민식이법 내용,민식이법 이란
어린이교통사고,스쿨존 교통사고,민식이법 내용,민식이법 문제점
어린이교통사고,스쿨존 교통사고,민식이법 내용,민식이법 시행일
어린이교통사고,스쿨존 교통사고,민식이법 내용,민식이법 블랙박스
어린이교통사고,스쿨존 교통사고,민식이법 내용,민식이 교통사고 블랙박스
어린이교통사고,스쿨존 교통사고,민식이법 내용,민식이법 전문
어린이교통사고,스쿨존 교통사고,민식이법 내용,이정아 판사
어린이교통사고,스쿨존 교통사고,민식이법 내용,12대 중과실
어린이교통사고,스쿨존 교통사고,민식이법 내용,윤창호법 내용
어린이교통사고,민식이법,민식이법 내용,민식이법 사고내용
어린이교통사고,민식이법,민식이법 내용,민식이법 운전자보험
어린이교통사고,민식이법,민식이법 내용,민식이법 주요내용
어린이교통사고,민식이법,민식이법 내용,민식이법 세부 내용
어린이교통사고,민식이법,민식이법 내용,하준이법 내용
어린이교통사고,민식이법,민식이법 내용,민식이법 가해자
어린이교통사고,민식이법,민식이법 내용,민식이 엄마
어린이교통사고,민식이법,민식이법 내용,민식이 교통사고
어린이교통사고,민식이법,민식이법 내용,어린이 보호구역
어린이교통사고,민식이법,민식이법 내용,민식이법 벌금
어린이교통사고,민식이법,민식이법 내용,스쿨존
어린이교통사고,민식이법,민식이법 내용,민식이법 이란
어린이교통사고,민식이법,민식이법 내용,민식이법 문제점
어린이교통사고,민식이법,민식이법 내용,민식이법 시행일
어린이교통사고,민식이법,민식이법 내용,민식이법 블랙박스
어린이교통사고,민식이법,민식이법 내용,민식이 교통사고 블랙박스
어린이교통사고,민식이법,민식이법 내용,민식이법 전문
어린이교통사고,민식이법,민식이법 내용,이정아 판사
어린이교통사고,민식이법,민식이법 내용,12대 중과실
어린이교통사고,민식이법,민식이법 내용,윤창호법 내용
어린이교통사고,민식이법,민식이법 내용,민식이법 사고내용
어린이교통사고,민식이법,민식이법 내용,민식이법 운전자보험
어린이교통사고,민식이법,민식이법 내용,민식이법 주요내용
어린이교통사고,민식이법,민식이법 내용,민식이법 세부 내용
어린이교통사고,민식이법,민식이법 내용,하준이법 내용
어린이교통사고,민식이법,민식이법 내용,민식이법 가해자
어린이교통사고,민식이법,민식이법 내용,민식이 엄마
어린이교통사고,민식이법,민식이법 내용,민식이 교통사고
어린이교통사고,민식이법,민식이법 내용,어린이 보호구역
어린이교통사고,민식이법,민식이법 내용,민식이법 벌금
어린이교통사고,민식이법,민식이법 내용,스쿨존
어린이교통사고,민식이법,민식이법 내용,민식이법 이란
어린이교통사고,민식이법,민식이법 내용,민식이법 문제점
어린이교통사고,민식이법,민식이법 내용,민식이법 시행일
어린이교통사고,민식이법,민식이법 내용,민식이법 블랙박스
어린이교통사고,민식이법,민식이법 내용,민식이 교통사고 블랙박스
어린이교통사고,민식이법,민식이법 내용,민식이법 전문
어린이교통사고,민식이법,민식이법 내용,이정아 판사
어린이교통사고,민식이법,민식이법 내용,12대 중과실
어린이교통사고,민식이법,민식이법 내용,윤창호법 내용
어린이교통사고,스쿨존 교통사고,전주 교통사고 사망,전주 음주 교통사고
어린이교통사고,스쿨존 교통사고,전주 교통사고 사망,어제 전주 교통사고
어린이교통사고,스쿨존 교통사고,전주 교통사고 사망,전북 교통사고 사망
어린이교통사고,스쿨존 교통사고,전주 교통사고 사망,전주 사망사고
어린이교통사고,스쿨존 교통사고,전주 교통사고 사망,전주시 교통사고
어린이교통사고,스쿨존 교통사고,전주 교통사고 사망,전주 송천동 교통사고
어린이교통사고,스쿨존 교통사고,전주 교통사고 사망,전주 어린이 교통사고
어린이교통사고,스쿨존 교통사고,전주 교통사고 사망,전주시 사건사고
어린이교통사고,스쿨존 교통사고,전주 교통사고 사망,전주시 반월동 교통사고 도로
어린이교통사고,스쿨존 교통사고,전주 교통사고 사망,스쿨존 교통사고
어린이교통사고,스쿨존 교통사고,전주 교통사고 사망,전주 반월동 스쿨존
어린이교통사고,스쿨존 교통사고,전주 교통사고 사망,전북뉴스 사건사고
어린이교통사고,스쿨존 교통사고,전주 교통사고 사망,군산 교통사고 사망
어린이교통사고,스쿨존 교통사고,전주 교통사고 사망,전주 2세 교통사고
어린이교통사고,스쿨존 교통사고,전주 교통사고 사망,전북스쿨존 사고
어린이교통사고,스쿨존 교통사고,전주 교통사고 사망,전주 음주운전 사망사고
어린이교통사고,스쿨존 교통사고,전주 교통사고 사망,전주 2살 교통사고
어린이교통사고,스쿨존 교통사고,전주 교통사고 사망,오늘 전주 교통사고
어린이교통사고,스쿨존 교통사고,전주 교통사고 사망,전주 반월동 어린이구역 교통사고
어린이교통사고,스쿨존 교통사고,전주 교통사고 사망,덕진구 반월동 스쿨존
어린이교통사고,스쿨존 교통사고,전주 교통사고 사망,전주 음주 교통사고
어린이교통사고,스쿨존 교통사고,전주 교통사고 사망,어제 전주 교통사고
어린이교통사고,스쿨존 교통사고,전주 교통사고 사망,전북 교통사고 사망
어린이교통사고,스쿨존 교통사고,전주 교통사고 사망,전주 사망사고
어린이교통사고,스쿨존 교통사고,전주 교통사고 사망,전주시 교통사고
어린이교통사고,스쿨존 교통사고,전주 교통사고 사망,전주 송천동 교통사고
어린이교통사고,스쿨존 교통사고,전주 교통사고 사망,전주 어린이 교통사고
어린이교통사고,스쿨존 교통사고,전주 교통사고 사망,전주시 사건사고
어린이교통사고,스쿨존 교통사고,전주 교통사고 사망,전주시 반월동 교통사고 도로
어린이교통사고,스쿨존 교통사고,전주 교통사고 사망,스쿨존 교통사고
어린이교통사고,스쿨존 교통사고,전주 교통사고 사망,전주 반월동 스쿨존
어린이교통사고,스쿨존 교통사고,전주 교통사고 사망,전북뉴스 사건사고
어린이교통사고,스쿨존 교통사고,전주 교통사고 사망,군산 교통사고 사망
어린이교통사고,스쿨존 교통사고,전주 교통사고 사망,전주 2세 교통사고
어린이교통사고,스쿨존 교통사고,전주 교통사고 사망,전북스쿨존 사고
어린이교통사고,스쿨존 교통사고,전주 교통사고 사망,전주 음주운전 사망사고
어린이교통사고,스쿨존 교통사고,전주 교통사고 사망,전주 2살 교통사고
어린이교통사고,스쿨존 교통사고,전주 교통사고 사망,오늘 전주 교통사고
어린이교통사고,스쿨존 교통사고,전주 교통사고 사망,전주 반월동 어린이구역 교통사고
어린이교통사고,스쿨존 교통사고,전주 교통사고 사망,덕진구 반월동 스쿨존
어린이교통사고,전주 어린이 교통사고,전주 교통사고 사망,전주 음주 교통사고
어린이교통사고,전주 어린이 교통사고,전주 교통사고 사망,어제 전주 교통사고
어린이교통사고,전주 어린이 교통사고,전주 교통사고 사망,전북 교통사고 사망
어린이교통사고,전주 어린이 교통사고,전주 교통사고 사망,전주 사망사고
어린이교통사고,전주 어린이 교통사고,전주 교통사고 사망,전주시 교통사고
어린이교통사고,전주 어린이 교통사고,전주 교통사고 사망,전주 송천동 교통사고
어린이교통사고,전주 어린이 교통사고,전주 교통사고 사망,전주 어린이 교통사고
어린이교통사고,전주 어린이 교통사고,전주 교통사고 사망,전주시 사건사고
어린이교통사고,전주 어린이 교통사고,전주 교통사고 사망,전주시 반월동 교통사고 도로
어린이교통사고,전주 어린이 교통사고,전주 교통사고 사망,스쿨존 교통사고
어린이교통사고,전주 어린이 교통사고,전주 교통사고 사망,전주 반월동 스쿨존
어린이교통사고,전주 어린이 교통사고,전주 교통사고 사망,전북뉴스 사건사고
어린이교통사고,전주 어린이 교통사고,전주 교통사고 사망,군산 교통사고 사망
어린이교통사고,전주 어린이 교통사고,전주 교통사고 사망,전주 2세 교통사고
어린이교통사고,전주 어린이 교통사고,전주 교통사고 사망,전북스쿨존 사고
어린이교통사고,전주 어린이 교통사고,전주 교통사고 사망,전주 음주운전 사망사고
어린이교통사고,전주 어린이 교통사고,전주 교통사고 사망,전주 2살 교통사고
어린이교통사고,전주 어린이 교통사고,전주 교통사고 사망,오늘 전주 교통사고
어린이교통사고,전주 어린이 교통사고,전주 교통사고 사망,전주 반월동 어린이구역 교통사고
어린이교통사고,전주 어린이 교통사고,전주 교통사고 사망,덕진구 반월동 스쿨존
어린이교통사고,전주 어린이 교통사고,전주 교통사고 사망,전주 음주 교통사고
어린이교통사고,전주 어린이 교통사고,전주 교통사고 사망,어제 전주 교통사고
어린이교통사고,전주 어린이 교통사고,전주 교통사고 사망,전북 교통사고 사망
어린이교통사고,전주 어린이 교통사고,전주 교통사고 사망,전주 사망사고
어린이교통사고,전주 어린이 교통사고,전주 교통사고 사망,전주시 교통사고
어린이교통사고,전주 어린이 교통사고,전주 교통사고 사망,전주 송천동 교통사고
어린이교통사고,전주 어린이 교통사고,전주 교통사고 사망,전주 어린이 교통사고
어린이교통사고,전주 어린이 교통사고,전주 교통사고 사망,전주시 사건사고
어린이교통사고,전주 어린이 교통사고,전주 교통사고 사망,전주시 반월동 교통사고 도로
어린이교통사고,전주 어린이 교통사고,전주 교통사고 사망,스쿨존 교통사고
어린이교통사고,전주 어린이 교통사고,전주 교통사고 사망,전주 반월동 스쿨존
어린이교통사고,전주 어린이 교통사고,전주 교통사고 사망,전북뉴스 사건사고
어린이교통사고,전주 어린이 교통사고,전주 교통사고 사망,군산 교통사고 사망
어린이교통사고,전주 어린이 교통사고,전주 교통사고 사망,전주 2세 교통사고
어린이교통사고,전주 어린이 교통사고,전주 교통사고 사망,전북스쿨존 사고
어린이교통사고,전주 어린이 교통사고,전주 교통사고 사망,전주 음주운전 사망사고
어린이교통사고,전주 어린이 교통사고,전주 교통사고 사망,전주 2살 교통사고
어린이교통사고,전주 어린이 교통사고,전주 교통사고 사망,오늘 전주 교통사고
어린이교통사고,전주 어린이 교통사고,전주 교통사고 사망,전주 반월동 어린이구역 교통사고
어린이교통사고,전주 어린이 교통사고,전주 교통사고 사망,덕진구 반월동 스쿨존
어린이교통사고,스쿨존 교통사고,전주 반월동 스쿨존,반월동 스쿨존사고
어린이교통사고,스쿨존 교통사고,전주 반월동 스쿨존,전주 어린이 교통사고
어린이교통사고,스쿨존 교통사고,전주 반월동 스쿨존,전주 덕진구 반월동 스쿨존
어린이교통사고,스쿨존 교통사고,전주 반월동 스쿨존,전주시 교통사고
어린이교통사고,스쿨존 교통사고,전주 반월동 스쿨존,전주 덕진구 반월동 사고
어린이교통사고,스쿨존 교통사고,전주 반월동 스쿨존,전북 스쿨존
어린이교통사고,스쿨존 교통사고,전주 반월동 스쿨존,스쿨존이란
어린이교통사고,스쿨존 교통사고,전주 반월동 스쿨존,전주 스쿨존유아 사고
어린이교통사고,스쿨존 교통사고,전주 반월동 스쿨존,전북스쿨존 사고
어린이교통사고,스쿨존 교통사고,전주 반월동 스쿨존,전주 스쿨존 2세 사망
어린이교통사고,스쿨존 교통사고,전주 반월동 스쿨존,전주민식이법 사고
어린이교통사고,스쿨존 교통사고,전주 반월동 스쿨존,전주 스쿨존 민식
어린이교통사고,스쿨존 교통사고,전주 반월동 스쿨존,전주시 덕진구 반월동 스쿨존
어린이교통사고,스쿨존 교통사고,전주 반월동 스쿨존,반월동스쿨존유아 사망
어린이교통사고,스쿨존 교통사고,전주 반월동 스쿨존,스쿨존내 유턴
어린이교통사고,스쿨존 교통사고,전주 반월동 스쿨존,전주 스쿨존 사망사고
어린이교통사고,스쿨존 교통사고,전주 반월동 스쿨존,전북 교통사고
어린이교통사고,스쿨존 교통사고,전주 반월동 스쿨존,반월동 스쿨존사고
어린이교통사고,스쿨존 교통사고,전주 반월동 스쿨존,전주 어린이 교통사고
어린이교통사고,스쿨존 교통사고,전주 반월동 스쿨존,전주 덕진구 반월동 스쿨존
어린이교통사고,스쿨존 교통사고,전주 반월동 스쿨존,전주시 교통사고
어린이교통사고,스쿨존 교통사고,전주 반월동 스쿨존,전주 덕진구 반월동 사고
어린이교통사고,스쿨존 교통사고,전주 반월동 스쿨존,전북 스쿨존
어린이교통사고,스쿨존 교통사고,전주 반월동 스쿨존,스쿨존이란
어린이교통사고,스쿨존 교통사고,전주 반월동 스쿨존,전주 스쿨존유아 사고
어린이교통사고,스쿨존 교통사고,전주 반월동 스쿨존,전북스쿨존 사고
어린이교통사고,스쿨존 교통사고,전주 반월동 스쿨존,전주 스쿨존 2세 사망
어린이교통사고,스쿨존 교통사고,전주 반월동 스쿨존,전주민식이법 사고
어린이교통사고,스쿨존 교통사고,전주 반월동 스쿨존,전주 스쿨존 민식
어린이교통사고,스쿨존 교통사고,전주 반월동 스쿨존,전주시 덕진구 반월동 스쿨존
어린이교통사고,스쿨존 교통사고,전주 반월동 스쿨존,반월동스쿨존유아 사망
어린이교통사고,스쿨존 교통사고,전주 반월동 스쿨존,스쿨존내 유턴
어린이교통사고,스쿨존 교통사고,전주 반월동 스쿨존,전주 스쿨존 사망사고
어린이교통사고,스쿨존 교통사고,전주 반월동 스쿨존,전북 교통사고
어린이교통사고,전주 어린이 교통사고,전주 반월동 스쿨존,반월동 스쿨존사고
어린이교통사고,전주 어린이 교통사고,전주 반월동 스쿨존,전주 어린이 교통사고
어린이교통사고,전주 어린이 교통사고,전주 반월동 스쿨존,전주 덕진구 반월동 스쿨존
어린이교통사고,전주 어린이 교통사고,전주 반월동 스쿨존,전주시 교통사고
어린이교통사고,전주 어린이 교통사고,전주 반월동 스쿨존,전주 덕진구 반월동 사고
어린이교통사고,전주 어린이 교통사고,전주 반월동 스쿨존,전북 스쿨존
어린이교통사고,전주 어린이 교통사고,전주 반월동 스쿨존,스쿨존이란
어린이교통사고,전주 어린이 교통사고,전주 반월동 스쿨존,전주 스쿨존유아 사고
어린이교통사고,전주 어린이 교통사고,전주 반월동 스쿨존,전북스쿨존 사고
어린이교통사고,전주 어린이 교통사고,전주 반월동 스쿨존,전주 스쿨존 2세 사망
어린이교통사고,전주 어린이 교통사고,전주 반월동 스쿨존,전주민식이법 사고
어린이교통사고,전주 어린이 교통사고,전주 반월동 스쿨존,전주 스쿨존 민식
어린이교통사고,전주 어린이 교통사고,전주 반월동 스쿨존,전주시 덕진구 반월동 스쿨존
어린이교통사고,전주 어린이 교통사고,전주 반월동 스쿨존,반월동스쿨존유아 사망
어린이교통사고,전주 어린이 교통사고,전주 반월동 스쿨존,스쿨존내 유턴
어린이교통사고,전주 어린이 교통사고,전주 반월동 스쿨존,전주 스쿨존 사망사고
어린이교통사고,전주 어린이 교통사고,전주 반월동 스쿨존,전북 교통사고
어린이교통사고,전주 어린이 교통사고,전주 반월동 스쿨존,반월동 스쿨존사고
어린이교통사고,전주 어린이 교통사고,전주 반월동 스쿨존,전주 어린이 교통사고
어린이교통사고,전주 어린이 교통사고,전주 반월동 스쿨존,전주 덕진구 반월동 스쿨존
어린이교통사고,전주 어린이 교통사고,전주 반월동 스쿨존,전주시 교통사고
어린이교통사고,전주 어린이 교통사고,전주 반월동 스쿨존,전주 덕진구 반월동 사고
어린이교통사고,전주 어린이 교통사고,전주 반월동 스쿨존,전북 스쿨존
어린이교통사고,전주 어린이 교통사고,전주 반월동 스쿨존,스쿨존이란
어린이교통사고,전주 어린이 교통사고,전주 반월동 스쿨존,전주 스쿨존유아 사고
어린이교통사고,전주 어린이 교통사고,전주 반월동 스쿨존,전북스쿨존 사고
어린이교통사고,전주 어린이 교통사고,전주 반월동 스쿨존,전주 스쿨존 2세 사망
어린이교통사고,전주 어린이 교통사고,전주 반월동 스쿨존,전주민식이법 사고
어린이교통사고,전주 어린이 교통사고,전주 반월동 스쿨존,전주 스쿨존 민식
어린이교통사고,전주 어린이 교통사고,전주 반월동 스쿨존,전주시 덕진구 반월동 스쿨존
어린이교통사고,전주 어린이 교통사고,전주 반월동 스쿨존,반월동스쿨존유아 사망
어린이교통사고,전주 어린이 교통사고,전주 반월동 스쿨존,스쿨존내 유턴
어린이교통사고,전주 어린이 교통사고,전주 반월동 스쿨존,전주 스쿨존 사망사고
어린이교통사고,전주 어린이 교통사고,전주 반월동 스쿨존,전북 교통사고
어린이교통사고,스쿨존 교통사고,청주 스쿨존 사고,경주 스쿨존 사고
어린이교통사고,스쿨존 교통사고,청주 스쿨존 사고,스쿨존 교통사고
어린이교통사고,스쿨존 교통사고,청주 스쿨존 사고,운천동 스쿨존
어린이교통사고,스쿨존 교통사고,청주 스쿨존 사고,충북 민식이법
어린이교통사고,스쿨존 교통사고,청주 스쿨존 사고,운천동 민식이법
어린이교통사고,스쿨존 교통사고,청주 스쿨존 사고,청주 교통사고 사망
어린이교통사고,스쿨존 교통사고,부산 학교앞 교통사고,초등학교 교통사고
어린이교통사고,스쿨존 교통사고,부산 학교앞 교통사고,재송동초등학교 교통사고
어린이교통사고,스쿨존 교통사고,부산 학교앞 교통사고,스쿨존 교통사고
어린이교통사고,스쿨존 교통사고,부산 학교앞 교통사고,부산 스쿨존 사고 싼타페
어린이교통사고,스쿨존 교통사고,부산 학교앞 교통사고,60대 교통사고
어린이교통사고,스쿨존 교통사고,부산 학교앞 교통사고,부산 반산초등학교 교통사고
어린이교통사고,스쿨존 교통사고,부산 학교앞 교통사고,해운대구 초등학교 교통사고
어린이교통사고,스쿨존 교통사고,부산 학교앞 교통사고,부산 초등학생 교통사고
어린이교통사고,스쿨존 교통사고,부산 학교앞 교통사고,교통사고 병원
어린이교통사고,스쿨존 교통사고,전북스쿨존 사고,전주 스쿨존 사고
어린이교통사고,스쿨존 교통사고,전북스쿨존 사고,전주 반월동 민식이법
어린이교통사고,스쿨존 교통사고,전북스쿨존 사고,전주 교통사고
어린이교통사고,스쿨존 교통사고,전북스쿨존 사고,덕진구 스쿨존 사고
어린이교통사고,스쿨존 교통사고,전북스쿨존 사고,전주시 반월동 사고
어린이교통사고,스쿨존 교통사고,전북스쿨존 사고,전주 스쿨존 2세 사망
어린이교통사고,스쿨존 교통사고,전북스쿨존 사고,스쿨존 사망사고
어린이교통사고,스쿨존 교통사고,전북스쿨존 사고,전주 덕진구 반월동 사고
어린이교통사고,스쿨존 교통사고,전북스쿨존 사고,전주 어린이 교통사고
어린이교통사고,스쿨존 교통사고,전북스쿨존 사고,민식이법 사망
어린이교통사고,스쿨존 교통사고,전북스쿨존 사고,스쿨존내 유턴
어린이교통사고,스쿨존 교통사고,전북스쿨존 사고,스쿨존이란
어린이교통사고,스쿨존 교통사고,전북스쿨존 사고,반월동 사망
어린이교통사고,스쿨존 교통사고,전북스쿨존 사고,전주시 덕진구 반월동 스쿨존
어린이교통사고,스쿨존 교통사고,전북스쿨존 사고,전주 스쿨존유아 사고
어린이교통사고,스쿨존 교통사고,전북스쿨존 사고,반월동스쿨존 사망사고
어린이교통사고,스쿨존 교통사고,전북스쿨존 사고,반월동 교통사고
어린이교통사고,스쿨존 교통사고,전북스쿨존 사고,포천시 스쿨존 사고
어린이교통사고,스쿨존 교통사고,전북스쿨존 사고,민식이 교통사고
어린이교통사고,스쿨존 교통사고,전북스쿨존 사고,전북 유아 사망
어린이교통사고,스쿨존 교통사고,전북스쿨존 사고,전주 스쿨존 사고
어린이교통사고,스쿨존 교통사고,전북스쿨존 사고,전주 반월동 민식이법
어린이교통사고,스쿨존 교통사고,전북스쿨존 사고,전주 교통사고
어린이교통사고,스쿨존 교통사고,전북스쿨존 사고,덕진구 스쿨존 사고
어린이교통사고,스쿨존 교통사고,전북스쿨존 사고,전주시 반월동 사고
어린이교통사고,스쿨존 교통사고,전북스쿨존 사고,전주 스쿨존 2세 사망
어린이교통사고,스쿨존 교통사고,전북스쿨존 사고,스쿨존 사망사고
어린이교통사고,스쿨존 교통사고,전북스쿨존 사고,전주 덕진구 반월동 사고
어린이교통사고,스쿨존 교통사고,전북스쿨존 사고,전주 어린이 교통사고
어린이교통사고,스쿨존 교통사고,전북스쿨존 사고,민식이법 사망
어린이교통사고,스쿨존 교통사고,전북스쿨존 사고,스쿨존내 유턴
어린이교통사고,스쿨존 교통사고,전북스쿨존 사고,스쿨존이란
어린이교통사고,스쿨존 교통사고,전북스쿨존 사고,반월동 사망
어린이교통사고,스쿨존 교통사고,전북스쿨존 사고,전주시 덕진구 반월동 스쿨존
어린이교통사고,스쿨존 교통사고,전북스쿨존 사고,전주 스쿨존유아 사고
어린이교통사고,스쿨존 교통사고,전북스쿨존 사고,반월동스쿨존 사망사고
어린이교통사고,스쿨존 교통사고,전북스쿨존 사고,반월동 교통사고
어린이교통사고,스쿨존 교통사고,전북스쿨존 사고,포천시 스쿨존 사고
어린이교통사고,스쿨존 교통사고,전북스쿨존 사고,민식이 교통사고
어린이교통사고,스쿨존 교통사고,전북스쿨존 사고,전북 유아 사망
어린이교통사고,전주 어린이 교통사고,전북스쿨존 사고,전주 스쿨존 사고
어린이교통사고,전주 어린이 교통사고,전북스쿨존 사고,전주 반월동 민식이법
어린이교통사고,전주 어린이 교통사고,전북스쿨존 사고,전주 교통사고
어린이교통사고,전주 어린이 교통사고,전북스쿨존 사고,덕진구 스쿨존 사고
어린이교통사고,전주 어린이 교통사고,전북스쿨존 사고,전주시 반월동 사고
어린이교통사고,전주 어린이 교통사고,전북스쿨존 사고,전주 스쿨존 2세 사망
어린이교통사고,전주 어린이 교통사고,전북스쿨존 사고,스쿨존 사망사고
어린이교통사고,전주 어린이 교통사고,전북스쿨존 사고,전주 덕진구 반월동 사고
어린이교통사고,전주 어린이 교통사고,전북스쿨존 사고,전주 어린이 교통사고
어린이교통사고,전주 어린이 교통사고,전북스쿨존 사고,민식이법 사망
어린이교통사고,전주 어린이 교통사고,전북스쿨존 사고,스쿨존내 유턴
어린이교통사고,전주 어린이 교통사고,전북스쿨존 사고,스쿨존이란
어린이교통사고,전주 어린이 교통사고,전북스쿨존 사고,반월동 사망
어린이교통사고,전주 어린이 교통사고,전북스쿨존 사고,전주시 덕진구 반월동 스쿨존
어린이교통사고,전주 어린이 교통사고,전북스쿨존 사고,전주 스쿨존유아 사고
어린이교통사고,전주 어린이 교통사고,전북스쿨존 사고,반월동스쿨존 사망사고
어린이교통사고,전주 어린이 교통사고,전북스쿨존 사고,반월동 교통사고
어린이교통사고,전주 어린이 교통사고,전북스쿨존 사고,포천시 스쿨존 사고
어린이교통사고,전주 어린이 교통사고,전북스쿨존 사고,민식이 교통사고
어린이교통사고,전주 어린이 교통사고,전북스쿨존 사고,전북 유아 사망
어린이교통사고,전주 어린이 교통사고,전북스쿨존 사고,전주 스쿨존 사고
어린이교통사고,전주 어린이 교통사고,전북스쿨존 사고,전주 반월동 민식이법
어린이교통사고,전주 어린이 교통사고,전북스쿨존 사고,전주 교통사고
어린이교통사고,전주 어린이 교통사고,전북스쿨존 사고,덕진구 스쿨존 사고
어린이교통사고,전주 어린이 교통사고,전북스쿨존 사고,전주시 반월동 사고
어린이교통사고,전주 어린이 교통사고,전북스쿨존 사고,전주 스쿨존 2세 사망
어린이교통사고,전주 어린이 교통사고,전북스쿨존 사고,스쿨존 사망사고
어린이교통사고,전주 어린이 교통사고,전북스쿨존 사고,전주 덕진구 반월동 사고
어린이교통사고,전주 어린이 교통사고,전북스쿨존 사고,전주 어린이 교통사고
어린이교통사고,전주 어린이 교통사고,전북스쿨존 사고,민식이법 사망
어린이교통사고,전주 어린이 교통사고,전북스쿨존 사고,스쿨존내 유턴
어린이교통사고,전주 어린이 교통사고,전북스쿨존 사고,스쿨존이란
어린이교통사고,전주 어린이 교통사고,전북스쿨존 사고,반월동 사망
어린이교통사고,전주 어린이 교통사고,전북스쿨존 사고,전주시 덕진구 반월동 스쿨존
어린이교통사고,전주 어린이 교통사고,전북스쿨존 사고,전주 스쿨존유아 사고
어린이교통사고,전주 어린이 교통사고,전북스쿨존 사고,반월동스쿨존 사망사고
어린이교통사고,전주 어린이 교통사고,전북스쿨존 사고,반월동 교통사고
어린이교통사고,전주 어린이 교통사고,전북스쿨존 사고,포천시 스쿨존 사고
어린이교통사고,전주 어린이 교통사고,전북스쿨존 사고,민식이 교통사고
어린이교통사고,전주 어린이 교통사고,전북스쿨존 사고,전북 유아 사망
어린이교통사고,스쿨존 교통사고,경주 스쿨존 사고 놀이터,경주 스쿨존 교통사고
어린이교통사고,스쿨존 교통사고,경주 스쿨존 사고 놀이터,동천 스쿨존 사고
어린이교통사고,스쿨존 교통사고,경주 스쿨존 사고 놀이터,경주 차사고
어린이교통사고,스쿨존 교통사고,경주 스쿨존 사고 놀이터,경주 동천동 스쿨존 사고
어린이교통사고,스쿨존 교통사고,경주 스쿨존 사고 놀이터,경주 스쿨존 사고 원인
어린이교통사고,스쿨존 교통사고,경주 스쿨존 사고 놀이터,경주 스쿨존 cctv
어린이교통사고,스쿨존 교통사고,경주 스쿨존 사고 놀이터,경주 스쿨존 보복운전
어린이교통사고,스쿨존 교통사고,경주 스쿨존 사고 놀이터,경주 스쿨존 사고운전자
어린이교통사고,스쿨존 교통사고,경주 스쿨존 사고 놀이터,스쿨존 자전거사고
어린이교통사고,스쿨존 교통사고,경주 스쿨존 사고 놀이터,경주 스쿨존 누나
어린이교통사고,스쿨존 교통사고,경주 스쿨존 사고 놀이터,경주 민식이법 사고
어린이교통사고,스쿨존 교통사고,경주 스쿨존 사고 놀이터,경주 스쿨존 사고 피해자 누나
어린이교통사고,스쿨존 교통사고,경주 스쿨존 사고 놀이터,경주 고의사고
어린이교통사고,스쿨존 교통사고,경주 스쿨존 사고 놀이터,경주 스쿨존 사고 가해자
어린이교통사고,경주 어린이 교통사고,고의 교통사고,경주 스쿨존 교통사고
어린이교통사고,경주 어린이 교통사고,고의 교통사고,경주 어린이 교통사고
어린이교통사고,경주 어린이 교통사고,고의 교통사고,경주 어린이보호구역 사고
어린이교통사고,경주 어린이 교통사고,고의 교통사고,경주 사건사고
어린이교통사고,경주 어린이 교통사고,고의 교통사고,경주 차량사고
어린이교통사고,경주 어린이 교통사고,고의 교통사고,자전거 어린이 교통사고
어린이교통사고,경주 어린이 교통사고,고의 교통사고,고의 교통사고 의인
어린이교통사고,경주 어린이 교통사고,고의 교통사고,경주 스쿨존 교통사고 고의성 논란
어린이교통사고,경주 어린이 교통사고,고의 교통사고,경주 동천초 사고
어린이교통사고,경주 어린이 교통사고,고의 교통사고,경주 초등학생 고의 사고
어린이교통사고,경주 어린이 교통사고,고의 교통사고,경주 고의사고
어린이교통사고,경주 어린이 교통사고,고의 교통사고,9살 차사고
어린이교통사고,경주 어린이 교통사고,고의 교통사고,경주 어린이 자전거 사고
어린이교통사고,경주 어린이 교통사고,고의 교통사고,9살 자전거 사고
어린이교통사고,경주 어린이 교통사고,고의 교통사고,해남군 마산면 교통사고
어린이교통사고,경주 어린이 교통사고,고의 교통사고,차와 자전거 충돌사고
어린이교통사고,경주 어린이 교통사고,고의 교통사고,동천 스쿨존 사고
어린이교통사고,경주 어린이 교통사고,고의 교통사고,9살 어린이 교통사고
어린이교통사고,경주 어린이 교통사고,고의 교통사고,경주 스쿨존 가해자
어린이교통사고,경주 어린이 교통사고,suv 고의사고,경주 스쿨존 교통사고
어린이교통사고,경주 어린이 교통사고,suv 고의사고,경주 어린이 교통사고
어린이교통사고,경주 어린이 교통사고,suv 고의사고,경주 9살
어린이교통사고,경주 어린이 교통사고,suv 고의사고,9살 어린이 교통사고
어린이교통사고,경주 어린이 교통사고,suv 고의사고,어린이 자전거 살인미수
어린이교통사고,경주 어린이 교통사고,suv 고의사고,인스타그램 교통사고
어린이교통사고,경주 어린이 교통사고,suv 고의사고,9살 차사고
어린이교통사고,경주 어린이 교통사고,suv 고의사고,9살 자전거 사고
어린이교통사고,경주 어린이 교통사고,suv 고의사고,자전거 친 suv
어린이교통사고,경주 어린이 교통사고,suv 고의사고,경북 스쿨존
어린이교통사고,경주 어린이 교통사고,suv 고의사고,경주 초등학생 고의 사고
어린이교통사고,경주 어린이 교통사고,suv 고의사고,초등학교 suv
어린이교통사고,경주 어린이 교통사고,suv 고의사고,SUV 자전거 사고
어린이교통사고,경주 어린이 교통사고,suv 고의사고,suv 차량
어린이교통사고,경주 어린이 교통사고,suv 고의사고,SUV경주
어린이교통사고,경주 어린이 교통사고,스쿨존 고의사고,자전거 추격전
어린이교통사고,경주 어린이 교통사고,스쿨존 고의사고,경주 어린이 교통사고
어린이교통사고,경주 어린이 교통사고,스쿨존 고의사고,9살 차사고
어린이교통사고,경주 어린이 교통사고,스쿨존 고의사고,suv 고의사고
어린이교통사고,경주 어린이 교통사고,스쿨존 고의사고,어린이 자전거 살인미수
어린이교통사고,경주 어린이 교통사고,스쿨존 고의사고,경주 자동차 사고
어린이교통사고,경주 어린이 교통사고,스쿨존 고의사고,경주시 스쿨존 사고
어린이교통사고,경주 어린이 교통사고,스쿨존 고의사고,9살 경주 교통사고
어린이교통사고,경주 어린이 교통사고,스쿨존 고의사고,고의 교통사고 어린이 보호구역
어린이교통사고,경주 어린이 교통사고,스쿨존 고의사고,경주 스쿨존 사고 이유
어린이교통사고,경주 어린이 교통사고,자전거 어린이 교통사고,경주 어린이 교통사고
어린이교통사고,경주 어린이 교통사고,자전거 어린이 교통사고,스쿨존 자전거사고
어린이교통사고,경주 어린이 교통사고,자전거 어린이 교통사고,고의 교통사고
어린이교통사고,경주 어린이 교통사고,자전거 어린이 교통사고,아이 자전거
어린이교통사고,경주 어린이 교통사고,자전거 어린이 교통사고,9살 자전거 사고
어린이교통사고,경주 어린이 교통사고,인스타그램 교통사고,경주 어린이 교통사고
어린이교통사고,경주 어린이 교통사고,인스타그램 교통사고,경주 스쿨존 교통사고
어린이교통사고,경주 어린이 교통사고,인스타그램 교통사고,경주 동천 교통사고
어린이교통사고,경주 어린이 교통사고,인스타그램 교통사고,동천초등학교어린이 교통사고
어린이교통사고,경주 어린이 교통사고,인스타그램 교통사고,suv 고의사고
어린이교통사고,경주 어린이 교통사고,인스타그램 교통사고,경북 스쿨존
어린이교통사고,경주 어린이 교통사고,인스타그램 교통사고,경주 9살
어린이교통사고,경주 어린이 교통사고,인스타그램 교통사고,경주 초등 사고
어린이교통사고,경주 어린이 교통사고,인스타그램 교통사고,동천초 스쿨존
어린이교통사고,경주 어린이 교통사고,인스타그램 교통사고,suv 초등생
어린이교통사고,경주 어린이 교통사고,인스타그램 교통사고,어린이 자전거 살인미수
어린이교통사고,경주 어린이 교통사고,인스타그램 교통사고,경주시 사건사고
어린이교통사고,경주 어린이 교통사고,인스타그램 교통사고,경주 초등생 사고
어린이교통사고,경주 어린이 교통사고,인스타그램 교통사고,9살 suv
어린이교통사고,경주 어린이 교통사고,인스타그램 교통사고,경주 동천초 사고
어린이교통사고,경주 어린이 교통사고,어린이 자전거 살인미수,경주 어린이 교통사고
어린이교통사고,경주 어린이 교통사고,어린이 자전거 살인미수,suv 엄마
어린이교통사고,경주 어린이 교통사고,어린이 자전거 살인미수,스쿨존 고의사고
어린이교통사고,경주 어린이 교통사고,어린이 자전거 살인미수,경주 스쿨존 교통사고
어린이교통사고,경주 어린이 교통사고,어린이 자전거 살인미수,suv 고의사고
어린이교통사고,경주 어린이 교통사고,어린이 자전거 살인미수,경주 9살
어린이교통사고,경주 어린이 교통사고,어린이 자전거 살인미수,자전거 탄 아이
어린이교통사고,경주 어린이 교통사고,어린이 자전거 살인미수,경주 사건
어린이교통사고,경주 어린이 교통사고,어린이 자전거 살인미수,인스타그램 교통사고
어린이교통사고,경주 어린이 교통사고,어린이 자전거 살인미수,동촌초등학교 자전거 사고
어린이교통사고,경주 어린이 교통사고,어린이 자전거 살인미수,suv엄마 고의 사고
어린이교통사고,경주 어린이 교통사고,어린이 자전거 살인미수,경주 초등학생
어린이교통사고,경주 어린이 교통사고,어린이 자전거 살인미수,9살 suv
어린이교통사고,경주 어린이 교통사고,경주 9살,9살 자전거
어린이교통사고,경주 어린이 교통사고,경주 9살,경주 스쿨존 교통사고
어린이교통사고,경주 어린이 교통사고,경주 9살,경주 어린이 교통사고
어린이교통사고,경주 어린이 교통사고,경주 9살,suv 고의사고
어린이교통사고,경주 어린이 교통사고,경주 9살,경주 차량사고
어린이교통사고,경주 어린이 교통사고,경주 9살,경주 초등학생 고의 사고
어린이교통사고,경주 어린이 교통사고,경주 9살,9살 자전거 사고
어린이교통사고,경주 어린이 교통사고,경주 9살,초등학교 suv
어린이교통사고,경주 어린이 교통사고,경주 9살,인스타그램 교통사고
어린이교통사고,경주 어린이 교통사고,경주 9살,어린이 자전거 살인미수
어린이교통사고,경주 어린이 교통사고,경주 9살,차와 자전거 충돌사고
어린이교통사고,경주 어린이 교통사고,경주 9살,경북 스쿨존
어린이교통사고,경주 어린이 교통사고,어린이 고의적 교통사고,경주 어린이 교통사고
어린이교통사고,경주 어린이 교통사고,어린이 고의적 교통사고,경주 스쿨존 교통사고
어린이교통사고,경주 어린이 교통사고,어린이 고의적 교통사고,경주 스쿨존 사고 동영상
어린이교통사고,경주 어린이 교통사고,어린이보호구역 고의사고,경주 어린이 사고
어린이교통사고,경주 어린이 교통사고,어린이보호구역 고의사고,경주 어린이 교통사고
어린이교통사고,경주 어린이 교통사고,어린이보호구역 고의사고,경주 차량사고
어린이교통사고,경주 어린이 교통사고,어린이보호구역 고의사고,전주민식이법 사고
어린이교통사고,경주 어린이 교통사고,9살 suv,9살 덮친 suv
어린이교통사고,경주 어린이 교통사고,9살 suv,스쿨존 9살
어린이교통사고,경주 어린이 교통사고,9살 suv,9살 운전 사고
어린이교통사고,경주 어린이 교통사고,9살 suv,어린이 치는 운전자
어린이교통사고,경주 어린이 교통사고,9살 suv,어린이덮친차량
어린이교통사고,경주 어린이 교통사고,9살 suv,경주 스쿨존 교통사고
어린이교통사고,경주 어린이 교통사고,9살 suv,경북 스쿨존
어린이교통사고,경주 어린이 교통사고,9살 suv,경주 어린이 교통사고
어린이교통사고,경주 어린이 교통사고,9살 suv,9살 차사고
어린이교통사고,경주 어린이 교통사고,9살 suv,자전거 들이받은 suv
어린이교통사고,경주 어린이 교통사고,9살 suv,suv 고의사고
어린이교통사고,경주 어린이 교통사고,9살 suv,9살 cctv
어린이교통사고,경주 어린이 교통사고,9살 suv,9세 교통사고
어린이교통사고,경주 어린이 교통사고,9살 suv,자전거 아이 받은 사고
어린이교통사고,경주 어린이 교통사고,9살 suv,Suv 학생 추돌
어린이교통사고,경주 어린이 교통사고,9살 suv,어린이 자전거 살인미수
어린이교통사고,경주 어린이 교통사고,9살 suv,인스타그램 교통사고
어린이교통사고,경주 어린이 교통사고,9살 suv,경주 자전거 추돌
어린이교통사고,경주 어린이 교통사고,경주 초등생 교통사고,경주 자전거 교통사고
어린이교통사고,경주 어린이 교통사고,경주 초등생 교통사고,초등생 차량 사고
어린이교통사고,경주 어린이 교통사고,경주 초등생 교통사고,경주 동천동 스쿨존 사고
어린이교통사고,경주 어린이 교통사고,경주 초등생 교통사고,초등 자전거사고
어린이교통사고,경주 어린이 교통사고,경주 초등생 교통사고,경주 어린이 교통사고
어린이교통사고,경주 어린이 교통사고,경주 초등생 교통사고,경주 자전거 사고동영상
어린이교통사고,경주 어린이 교통사고,경북 스쿨존,경북 경주 suv
어린이교통사고,경주 어린이 교통사고,경북 스쿨존,인스타그램 교통사고
어린이교통사고,경주 어린이 교통사고,경북 스쿨존,9살 suv
어린이교통사고,경주 어린이 교통사고,경북 스쿨존,경주 고의사고
어린이교통사고,경주 어린이 교통사고,경북 스쿨존,suv 고의사고
어린이교통사고,경주 어린이 교통사고,경북 스쿨존,경주 suv사건
어린이교통사고,경주 어린이 교통사고,경북 스쿨존,민식이법 경주
어린이교통사고,경주 어린이 교통사고,경북 스쿨존,경주 동천초
어린이교통사고,경주 어린이 교통사고,경북 스쿨존,경주 스쿨존 교통사고
어린이교통사고,경주 어린이 교통사고,경북 스쿨존,경주 어린이 교통사고
어린이교통사고,경주 어린이 교통사고,경북 스쿨존,경주 9살
어린이교통사고,경주 어린이 교통사고,경북 스쿨존,경주 suv차량 자전거
어린이교통사고,경주 어린이 교통사고,자전거 탄 아이,차와 자전거 충돌사고
어린이교통사고,경주 어린이 교통사고,자전거 탄 아이,경주 자전거 사건
어린이교통사고,경주 어린이 교통사고,자전거 탄 아이,어린이 자전거 교통사고
어린이교통사고,경주 어린이 교통사고,자전거 탄 아이,경주 스쿨존 자전거
어린이교통사고,경주 어린이 교통사고,자전거 탄 아이,경북 자전거 추돌
어린이교통사고,경주 어린이 교통사고,자전거 탄 아이,동촌초등학교 자전거 사고
어린이교통사고,경주 어린이 교통사고,자전거 탄 아이,어린이 자전거 살인미수
어린이교통사고,경주 어린이 교통사고,자전거 탄 아이,자전거 놀이터
어린이교통사고,경주 어린이 교통사고,자전거 탄 아이,9살 자전거
어린이교통사고,경주 어린이 교통사고,자전거 탄 아이,경주 어린이 교통사고
어린이교통사고,경주 어린이 교통사고,경주 사건사고,경주 교통사고
어린이교통사고,경주 어린이 교통사고,경주 사건사고,오늘 사건사고
어린이교통사고,경주 어린이 교통사고,경주 사건사고,경주 스쿨존 사고 놀이터 영상
어린이교통사고,경주 어린이 교통사고,경주 사건사고,대구 사건사고
어린이교통사고,경주 어린이 교통사고,경주 사건사고,경주 지게차 사고
어린이교통사고,경주 어린이 교통사고,경주 사건사고,고의 교통사고
어린이교통사고,경주 어린이 교통사고,경주 사건사고,경주 고의사고
어린이교통사고,경주 어린이 교통사고,경주 사건사고,창원 사건사고
어린이교통사고,경주 어린이 교통사고,경주 사건사고,손수호
어린이교통사고,경주 어린이 교통사고,경주 사건사고,경주 스쿨존 suv
어린이교통사고,경주 어린이 교통사고,경주 사건사고,경찰관 사건사고
어린이교통사고,경주 어린이 교통사고,경주 사건사고,경주시 사건사고
어린이교통사고,경주 어린이 교통사고,경주 사건사고,포항 사건사고
어린이교통사고,경주 어린이 교통사고,경주 사건사고,경주 suv사건 누나
어린이교통사고,경주 어린이 교통사고,경주 사건사고,경주 동천 교통사고
어린이교통사고,경주 어린이 교통사고,경주 사건사고,동천 스쿨존 사고
어린이교통사고,경주 어린이 교통사고,경주 사건사고,9살 운전 사고
어린이교통사고,경주 어린이 교통사고,경주 사건사고,자전거 추격전
어린이교통사고,경주 어린이 교통사고,경주 사건사고,초등 suv
어린이교통사고,경주 어린이 교통사고,경주 사건사고,경주 차사고
어린이교통사고,경주 어린이 교통사고,경주 어린이 차사고,동천초 사고
어린이교통사고,경주 어린이 교통사고,경주 어린이 차사고,동천초등학교 스쿨존 사고
어린이교통사고,경주 어린이 교통사고,경주 어린이 차사고,경북 경주 어린이 보호구역
어린이교통사고,경주 어린이 교통사고,경주 어린이 차사고,경주 스쿨존 사고 영상
어린이교통사고,경주 어린이 교통사고,경주 어린이 차사고,경주 동천 자전거 사고
어린이교통사고,경주 어린이 교통사고,경주 어린이 차사고,경주 스쿨존 역주행
어린이교통사고,경주 어린이 교통사고,경주 어린이 차사고,경주 동천동
어린이교통사고,경주 어린이 교통사고,경주 어린이 차사고,경주 어린이보호구역 사고
어린이교통사고,경주 어린이 교통사고,경주 어린이 차사고,경주 200m 사고
어린이교통사고,경주 어린이 교통사고,경주 어린이 차사고,자전거 엄마
어린이교통사고,경주 어린이 교통사고,경주 어린이 차사고,경주 스쿨존 고의 사고
어린이교통사고,경주 어린이 교통사고,경주 어린이 차사고,suv 초등생
어린이교통사고,경주 어린이 교통사고,경주 어린이 차사고,초등학생 자전거 사고 영상
어린이교통사고,경주 어린이 교통사고,경주 어린이 차사고,초등학생 경주 사고
어린이교통사고,경주 어린이 교통사고,경주 어린이 차사고,어린이 자전거 교통사고
어린이교통사고,경주 어린이 교통사고,경주 어린이 차사고,경주 동천 교통사고
어린이교통사고,경주 어린이 교통사고,경주 어린이 차사고,경주 스쿨존 자전거
어린이교통사고,경주 어린이 교통사고,경주 동천 교통사고,동천초등학교어린이 교통사고
어린이교통사고,경주 어린이 교통사고,경주 동천 교통사고,인스타그램 교통사고
어린이교통사고,경주 어린이 교통사고,경주 동천 교통사고,경주 사건사고
어린이교통사고,경주 어린이 교통사고,경주 동천 교통사고,경주시 스쿨존 사고
어린이교통사고,경주 어린이 교통사고,경주 동천 교통사고,경주 자전거 교통사고
어린이교통사고,경주 어린이 교통사고,경주 동천 교통사고,동천초 스쿨존
어린이교통사고,경주 어린이 교통사고,경주 동천 교통사고,민식이법 고의 사고
어린이교통사고,경주 어린이 교통사고,경주 동천 교통사고,9세 교통사고
어린이교통사고,경주 어린이 교통사고,경주 동천 교통사고,경주 아동 사고
어린이교통사고,경주 어린이 교통사고,경주 동천 교통사고,suv 초등생
어린이교통사고,경주 어린이 교통사고,경주 동천 교통사고,경주 고의사고
어린이교통사고,경주 어린이 교통사고,경주 동천 교통사고,경주 동천동 어린이 사고
어린이교통사고,경주 어린이 교통사고,경주 동천 교통사고,경주 어린이 차사고
어린이교통사고,전주 어린이 교통사고,전북뉴스 사건사고,전북 사망사고
어린이교통사고,전주 어린이 교통사고,전북뉴스 사건사고,전북 군산 사건사고 뉴스
어린이교통사고,전주 어린이 교통사고,전북뉴스 사건사고,전라북도 사건사고
어린이교통사고,전주 어린이 교통사고,전북뉴스 사건사고,kbs 전북뉴스
어린이교통사고,전주 어린이 교통사고,전북뉴스 사건사고,전주 교통사고
어린이교통사고,전주 어린이 교통사고,전북뉴스 사건사고,전주 어린이 교통사고
어린이교통사고,전주 어린이 교통사고,전북뉴스 사건사고,부안 사건사고
어린이교통사고,전주 어린이 교통사고,전북뉴스 사건사고,전주 스쿨존 교통사고
어린이교통사고,전주 어린이 교통사고,전북뉴스 사건사고,전주 반월동 스쿨존사고
어린이교통사고,전주 어린이 교통사고,전북뉴스 사건사고,전북 고창 사건사고
어린이교통사고,전주 어린이 교통사고,전북뉴스 사건사고,전북 남원 사건사고
어린이교통사고,전주 어린이 교통사고,전북뉴스 사건사고,전주 스쿨존 사망사고
어린이교통사고,전주 어린이 교통사고,전북뉴스 사건사고,포천시 스쿨존 사고
어린이교통사고,전주 어린이 교통사고,전북뉴스 사건사고,반월동스쿨존유아 사망
어린이교통사고,전주 어린이 교통사고,전북뉴스 사건사고,민식이법 사망사고
어린이교통사고,전주 어린이 교통사고,전북뉴스 사건사고,무주 사건사고
어린이교통사고,전주 어린이 교통사고,전북뉴스 사건사고,완주 사건사고
어린이교통사고,전주 어린이 교통사고,전북뉴스 사건사고,순창 사건사고
어린이교통사고,전주 어린이 교통사고,전북뉴스 사건사고,정읍 사건사고
어린이교통사고,전주 어린이 교통사고,전주시 반월동 교통사고,전북 교통사고
어린이교통사고,전주 어린이 교통사고,전주시 반월동 교통사고,전주 2세 교통사고
어린이교통사고,전주 어린이 교통사고,전주시 반월동 교통사고,전주 어린이 교통사고
어린이교통사고,전주 어린이 교통사고,전주시 반월동 교통사고,전주시 반월동 교통사고 도로
어린이교통사고,전주 어린이 교통사고,전주시 반월동 교통사고,전주 2살 교통사고
어린이교통사고,전주 어린이 교통사고,전주시 반월동 교통사고,덕진구 반월동
어린이교통사고,전주 어린이 교통사고,전주시 반월동 교통사고,스쿨존이란
어린이교통사고,전주 어린이 교통사고,전주시 반월동 교통사고,스쿨존 2살 교통사고
어린이교통사고,전주 어린이 교통사고,전주시 반월동 교통사고,전주 반월동 스쿨존사고
어린이교통사고,전주 어린이 교통사고,전주시 반월동 교통사고,전주 어린이보호구역 사고
어린이교통사고,전주 어린이 교통사고,전주시 반월동 교통사고,전주 반월초등학교
어린이교통사고,전주 어린이 교통사고,전주시 반월동 교통사고,전주 스쿨존 2세
어린이교통사고,전주 어린이 교통사고,전주시 반월동 교통사고,전주 유아 사망
어린이교통사고,전주 어린이 교통사고,전주시 반월동 교통사고,전주 2세 교통사고 사망
어린이교통사고,전주 어린이 교통사고,전주시 반월동 교통사고,교통안전 시설물
어린이교통사고,전주 어린이 교통사고,전주시 반월동 교통사고,전주 버스사고
어린이교통사고,전주 어린이 교통사고,전주시 반월동 교통사고,전주 사망사고
어린이교통사고,전주 어린이 교통사고,전주시 반월동 교통사고,민식이 교통사고
어린이교통사고,전주 어린이 교통사고,전주시 반월동 교통사고,전북 전주시 덕진구 반월동
어린이교통사고,전주 어린이 교통사고,전주시 반월동 교통사고,전주 반월동 유치원
어린이교통사고,전주 어린이 교통사고,전주 2살 교통사고,2살 사망
어린이교통사고,전주 어린이 교통사고,전주 2살 교통사고,스쿨존 2살 교통사고
어린이교통사고,전주 어린이 교통사고,전주 2살 교통사고,전주 어린이 교통사고
어린이교통사고,전주 어린이 교통사고,전주 2살 교통사고,전주시 반월동 교통사고
어린이교통사고,전주 어린이 교통사고,전주 2살 교통사고,전주 2세 교통사고
어린이교통사고,전주 어린이 교통사고,전주 2살 교통사고,전주 불법유턴
어린이교통사고,전주 어린이 교통사고,전주 2살 교통사고,2살 민식이
어린이교통사고,전주 어린이 교통사고,전주 2살 교통사고,민식이법 전주
어린이교통사고,전주 어린이 교통사고,전주 2살 교통사고,덕진구 반월동
어린이교통사고,전주 어린이 교통사고,전주 2살 교통사고,민식이법 사망사고
어린이교통사고,전주 어린이 교통사고,전주 2살 교통사고,덕진구 스쿨존 사고
어린이교통사고,전주 어린이 교통사고,전주 2살 교통사고,유턴중 아이 사망
어린이교통사고,전주 어린이 교통사고,전주 2살 교통사고,전주 반월동 어린이
어린이교통사고,전주 어린이 교통사고,전주 2살 교통사고,어제 전주 교통사고
어린이교통사고,전주 어린이 교통사고,전주 2살 교통사고,전주 버스사고
어린이교통사고,전주 어린이 교통사고,전주 2살 교통사고,전주 스쿨존 2세 사망
어린이교통사고,전주 어린이 교통사고,전주 스쿨존 사망사고,전주 덕진구 반월동 사고
어린이교통사고,전주 어린이 교통사고,전주 스쿨존 사망사고,민식이법 사망
어린이교통사고,전주 어린이 교통사고,전주 스쿨존 사망사고,스쿨존이란
어린이교통사고,전주 어린이 교통사고,전주 스쿨존 사망사고,반월동스쿨존 사망사고
어린이교통사고,전주 어린이 교통사고,전주 스쿨존 사망사고,전주시 덕진구 반월동 스쿨존
어린이교통사고,전주 어린이 교통사고,전주 스쿨존 사망사고,전주 스쿨존 2세 사망
어린이교통사고,전주 어린이 교통사고,전주 스쿨존 사망사고,전주 반월동 민식이법
어린이교통사고,전주 어린이 교통사고,전주 스쿨존 사망사고,반월동 스쿨존사고
어린이교통사고,전주 어린이 교통사고,전주 스쿨존 사망사고,스쿨존내 유턴
어린이교통사고,전주 어린이 교통사고,전주 스쿨존 사망사고,전주 교통사고
어린이교통사고,전주 어린이 교통사고,전주 스쿨존 사망사고,전주 어린이 교통사고
어린이교통사고,전주 어린이 교통사고,전주 스쿨존 사망사고,전북뉴스 사건사고
어린이교통사고,전주 어린이 교통사고,전주 스쿨존 사망사고,전북스쿨존 사고
어린이교통사고,전주 어린이 교통사고,전주 스쿨존 사망사고,전주 불법유턴 사고
어린이교통사고,전주 어린이 교통사고,전주 스쿨존 사망사고,전주 suv
어린이교통사고,전주 어린이 교통사고,전주 스쿨존 사망사고,민식이법 불법유턴
어린이교통사고,전주 어린이 교통사고,전주시 반월동 교통사고 도로,전주 교통사고 사망
어린이교통사고,전주 어린이 교통사고,전주시 반월동 교통사고 도로,민식이 교통사고
어린이교통사고,전주 어린이 교통사고,반월동스쿨존유아 사망,전주 반월동 스쿨존
어린이교통사고,전주 어린이 교통사고,반월동스쿨존유아 사망,교통사고 사망
어린이교통사고,전주 어린이 교통사고,반월동스쿨존유아 사망,2세 스쿨존 사망
어린이교통사고,전주 어린이 교통사고,반월동스쿨존유아 사망,전주시 교통사고
어린이교통사고,전주 어린이 교통사고,반월동스쿨존유아 사망,전주 어린이 교통사고
어린이교통사고,전주 어린이 교통사고,반월동스쿨존유아 사망,2세 교통사고
어린이교통사고,전주 어린이 교통사고,반월동스쿨존유아 사망,전북뉴스 사건사고
어린이교통사고,전주 어린이 교통사고,덕진구 반월동,덕진구 반월동 사고
어린이교통사고,전주 어린이 교통사고,덕진구 반월동,전주시 덕진구 반월동
어린이교통사고,전주 어린이 교통사고,덕진구 반월동,전주 2세 사고
어린이교통사고,전주 어린이 교통사고,덕진구 반월동,전북 교통사고
어린이교통사고,전주 어린이 교통사고,덕진구 반월동,전주 2세 교통사고
어린이교통사고,전주 어린이 교통사고,덕진구 반월동,전주시 반월동 교통사고
어린이교통사고,전주 어린이 교통사고,덕진구 반월동,2세 사망
어린이교통사고,전주 어린이 교통사고,덕진구 반월동,스쿨존이란
어린이교통사고,전주 어린이 교통사고,덕진구 반월동,스쿨존 2살 교통사고
어린이교통사고,전주 어린이 교통사고,덕진구 반월동,전주 2세 교통사고 사망
어린이교통사고,전주 어린이 교통사고,덕진구 반월동,전주 반월동 어린이
어린이교통사고,전주 어린이 교통사고,덕진구 반월동,전주 2살 교통사고
어린이교통사고,전주 어린이 교통사고,덕진구 반월동,전주 유아 사망
어린이교통사고,전주 어린이 교통사고,덕진구 반월동,전주 어린이 교통사고
어린이교통사고,전주 어린이 교통사고,전주 버스사고,전주 시내버스 사고
어린이교통사고,전주 어린이 교통사고,전주 버스사고,전주 시외버스
어린이교통사고,전주 어린이 교통사고,전주 버스사고,전주 고속버스 사고
어린이교통사고,전주 어린이 교통사고,전주 버스사고,전주 버스 인도 돌진
어린이교통사고,전주 어린이 교통사고,전주 버스사고,전주 택시 사고
어린이교통사고,전주 어린이 교통사고,전주 버스사고,전주 서신동
어린이교통사고,전주 어린이 교통사고,전주 버스사고,전주 뉴스
어린이교통사고,전주 어린이 교통사고,전주 버스사고,전주 반월동 사고
어린이교통사고,전주 어린이 교통사고,전주 버스사고,전주 교통사고 사망
어린이교통사고,전주 어린이 교통사고,전주 버스사고,전주 사건사고
어린이교통사고,전주 어린이 교통사고,전주 버스사고,전주 사망사고
어린이교통사고,전주 어린이 교통사고,전주 버스사고,전주시 반월동 교통사고
어린이교통사고,전주 어린이 교통사고,전주 버스사고,대전뉴스 사건사고
어린이교통사고,전주 어린이 교통사고,전주 버스사고,전주 2살 교통사고
어린이교통사고,전주 어린이 교통사고,전주 버스사고,전주 덕진구 반월동 사고
어린이교통사고,전주 어린이 교통사고,전주 버스사고,전주 버스노선
어린이교통사고,전주 어린이 교통사고,전주 버스사고,오늘 전주 교통사고
어린이교통사고,전주 어린이 교통사고,전주민식이법 사고,경주 민식이법 사고
어린이교통사고,전주 어린이 교통사고,전주민식이법 사고,전주 스쿨존 민식
어린이교통사고,전주 어린이 교통사고,전주민식이법 사고,전주 스쿨존유아 사고
어린이교통사고,전주 어린이 교통사고,전주민식이법 사고,민식이법 교통사고 사망
어린이교통사고,전주 어린이 교통사고,전주민식이법 사고,전주 반월동 스쿨존
어린이교통사고,전주 어린이 교통사고,전주민식이법 사고,전주 어린이보호구역 사고
어린이교통사고,전주 어린이 교통사고,전주민식이법 사고,전북 스쿨존
어린이교통사고,전주 어린이 교통사고,전주민식이법 사고,민식이법 첫 사망사고
어린이교통사고,전주 어린이 교통사고,전주민식이법 사고,31개월 민식이
어린이교통사고,전주 어린이 교통사고,전주민식이법 사고,민식이법 고의 사고
어린이교통사고,전주 어린이 교통사고,전주민식이법 사고,전주 민식이법 블랙박스
어린이교통사고,전주 어린이 교통사고,전주민식이법 사고,전북스쿨존 사고
어린이교통사고,전주 어린이 교통사고,전주민식이법 사고,반월동 스쿨존사고
어린이교통사고,전주 어린이 교통사고,전주민식이법 사고,전주 덕진구 반월동 사고
어린이교통사고,전주 어린이 교통사고,전주민식이법 사고,스쿨존 사망
어린이교통사고,전주 어린이 교통사고,전주민식이법 사고,반월동 교통사고
어린이교통사고,전주 어린이 교통사고,전주민식이법 사고,전주 사건사고
어린이교통사고,전주 어린이 교통사고,전주민식이법 사고,전주 법원
어린이교통사고,전주 어린이 교통사고,전주민식이법 사고,민식이법 30km
어린이교통사고,전주 어린이 교통사고,전주민식이법 사고,어린이보호구역 고의사고
어린이교통사고,전주 어린이 교통사고,전주 어린이보호구역 사고,민식이법 전주
어린이교통사고,전주 어린이 교통사고,전주 어린이보호구역 사고,31개월 민식이
어린이교통사고,전주 어린이 교통사고,전주 어린이보호구역 사고,민식이법 적용
어린이교통사고,전주 어린이 교통사고,전주 어린이보호구역 사고,전북 교통사고
어린이교통사고,전주 어린이 교통사고,전주 어린이보호구역 사고,민식이법 30km
어린이교통사고,전주 어린이 교통사고,전주 어린이보호구역 사고,반월동 교통사고
어린이교통사고,전주 어린이 교통사고,전주 어린이보호구역 사고,민식법
어린이교통사고,전주 어린이 교통사고,전주 어린이보호구역 사고,전주시 반월동 교통사고
어린이교통사고,전주 어린이 교통사고,전주 어린이보호구역 사고,전주 2세 사고
어린이교통사고,전주 어린이 교통사고,전주 어린이보호구역 사고,민식이법 첫 사망사고
어린이교통사고,전주 어린이 교통사고,전주 어린이보호구역 사고,전주 교통사고 사망
어린이교통사고,전주 어린이 교통사고,전주 어린이보호구역 사고,전주 변호사
어린이교통사고,전주 어린이 교통사고,포천 교통사고,포천 교통사고 사망
어린이교통사고,전주 어린이 교통사고,포천 교통사고,포천 장갑차 교통사고
어린이교통사고,전주 어린이 교통사고,포천 교통사고,경기도 포천 교통사고
어린이교통사고,전주 어린이 교통사고,포천 교통사고,포천 미군 장갑차 사고
어린이교통사고,전주 어린이 교통사고,포천 교통사고,철원 교통사고
어린이교통사고,전주 어린이 교통사고,포천 교통사고,군용 장갑차 사고
어린이교통사고,전주 어린이 교통사고,포천 교통사고,어제 교통 사망사고
어린이교통사고,전주 어린이 교통사고,포천 교통사고,포천 민식이법
어린이교통사고,전주 어린이 교통사고,포천 교통사고,포천 일동 교통사고
어린이교통사고,전주 어린이 교통사고,포천 교통사고,포천 추돌사고
어린이교통사고,전주 어린이 교통사고,포천 교통사고,민식이법 위반
어린이교통사고,전주 어린이 교통사고,포천 교통사고,구리 교통사고
어린이교통사고,전주 어린이 교통사고,포천 교통사고,포천 고속도로 교통사고
어린이교통사고,전주 어린이 교통사고,포천 교통사고,포천시 민식이법
어린이교통사고,전주 어린이 교통사고,포천 교통사고,송우리 교통사고
어린이교통사고,전주 어린이 교통사고,포천 교통사고,민식이법 1호
어린이교통사고,전주 어린이 교통사고,포천 교통사고,민식이법 전주
어린이교통사고,전주 어린이 교통사고,포천 교통사고,전주 어린이 교통사고
어린이교통사고,전주 어린이 교통사고,포천 교통사고,민식이 교통사고 경위
어린이교통사고,전주 어린이 교통사고,포천 교통사고,부산 민식이법
어린이교통사고,전주 어린이 교통사고,민식이 교통사고 경위,민식이 사고원인
어린이교통사고,전주 어린이 교통사고,민식이 교통사고 경위,민식이 교통사고 거짓말
어린이교통사고,전주 어린이 교통사고,민식이 교통사고 경위,스쿨존 민식이 교통사고
어린이교통사고,전주 어린이 교통사고,민식이 교통사고 경위,민식이법 사망자
어린이교통사고,전주 어린이 교통사고,민식이 교통사고 경위,포천 교통사고
어린이교통사고,전주 어린이 교통사고,민식이 교통사고 경위,전주 어린이 교통사고
어린이교통사고,전주 어린이 교통사고,민식이 교통사고 경위,민식이법 첫날사고
어린이교통사고,전주 어린이 교통사고,민식이 교통사고 경위,민식이 부모 변호사
어린이교통사고,전주 어린이 교통사고,민식이 교통사고 경위,민식이법 위헌
어린이교통사고,전주 어린이 교통사고,민식이 교통사고 경위,민식이 교통사고 판결
어린이교통사고,부산 교통사고,부산 교통사고 속보,부산 오늘 교통사고소식
어린이교통사고,부산 교통사고,부산 교통사고 속보,부산 교통사고 사망
어린이교통사고,부산 교통사고,부산 교통사고 속보,부산 사하구 교통사고
어린이교통사고,부산 교통사고,부산 교통사고 속보,부산 음주운전 사고
어린이교통사고,부산 교통사고,부산 교통사고 속보,부산 교통상황
어린이교통사고,부산 교통사고,부산 교통사고 속보,부산 교통방송
어린이교통사고,부산 교통사고,부산 교통사고 속보,부산 연제구 교통사고
어린이교통사고,부산 교통사고,부산 교통사고 속보,어제 울산 교통사고
어린이교통사고,부산 교통사고,부산 교통사고 속보,부산 해운대 교통사고
어린이교통사고,부산 교통사고,부산 교통사고 속보,부산 남구 교통사고
어린이교통사고,부산 교통사고,부산 교통사고 속보,고속도로 교통정보 앱
어린이교통사고,부산 교통사고,부산 교통사고 속보,부산신항 교통사고
어린이교통사고,부산 교통사고,부산 교통사고 속보,부산 교차로 교통사고
어린이교통사고,부산 교통사고,부산 교통사고 사망,부산 교통사고 속보
어린이교통사고,부산 교통사고,부산 교통사고 사망,부산 남구 교통사고
어린이교통사고,부산 교통사고,부산 교통사고 사망,다대동
어린이교통사고,부산 교통사고,부산 교통사고 사망,부산 사하구 교통사고
어린이교통사고,부산 교통사고,부산 교통사고 사망,부산 강서구 교통사고
어린이교통사고,부산 교통사고,부산 교통사고 사망,교통 사망사고
어린이교통사고,부산 교통사고,부산 교통사고 사망,교통사고 사망사고 처벌
어린이교통사고,부산 교통사고,부산 교통사고 사망,부산 다대포 사고
어린이교통사고,부산 교통사고,부산 교통사고 사망,부산 어린이보호구역 교통사고
어린이교통사고,부산 교통사고,부산 교통사고 사망,대전 교통사고
어린이교통사고,부산 교통사고,부산 교통사고 사망,울산 교통사고 사망
어린이교통사고,부산 교통사고,부산 교통사고 사망,연산동 사고
어린이교통사고,부산 교통사고,부산 교통사고 사망,부산 영도 교통사고
어린이교통사고,부산 교통사고,부산 교통사고 사망,고분 터널
어린이교통사고,부산 교통사고,부산 교통사고 사망,기장 교통사고
어린이교통사고,부산 교통사고,부산 교통사고 사망,새해 교통사고 사망사건
어린이교통사고,부산 교통사고,부산 오늘 교통사고,부산 어제 교통사고
어린이교통사고,부산 교통사고,부산 오늘 교통사고,부산 반산초등학교 교통사고
어린이교통사고,부산 교통사고,부산 오늘 교통사고,부산 6세 교통사고
어린이교통사고,부산 교통사고,부산 오늘 교통사고,부산 해운대 사고
어린이교통사고,부산 교통사고,부산 오늘 교통사고,대구 오늘 교통사고
어린이교통사고,부산 교통사고,부산 오늘 교통사고,대구 어제 교통사고
어린이교통사고,부산 교통사고,부산 오늘 교통사고,오늘 고속도로 교통사고
어린이교통사고,부산 교통사고,부산 오늘 교통사고,춘천 교통사고
어린이교통사고,부산 교통사고,부산 오늘 교통사고,오늘 울산 교통사고
어린이교통사고,부산 교통사고,부산 오늘 교통사고,연산교차로 교통사고
어린이교통사고,부산 교통사고,부산 오늘 교통사고,부산 19일 교통사고
어린이교통사고,부산 교통사고,부산 오늘 교통사고,어제 울산 교통사고
어린이교통사고,부산 교통사고,부산 오늘 교통사고,어제 터널 교통사고
어린이교통사고,부산 교통사고,부산 오늘 교통사고,부산 어제 사건사고
어린이교통사고,부산 교통사고,부산 사건사고,오늘 부산 사건사고
어린이교통사고,부산 교통사고,부산 사건사고,부산 사망사고
어린이교통사고,부산 교통사고,부산 사건사고,부산 어제 사건사고
어린이교통사고,부산 교통사고,부산 사건사고,부산 교통사고
어린이교통사고,부산 교통사고,부산 사건사고,부산 사건사고 뉴스
어린이교통사고,부산 교통사고,부산 사건사고,부산 다대포 사건
어린이교통사고,부산 교통사고,부산 사건사고,부산 차량 사고
어린이교통사고,부산 교통사고,부산 사건사고,부산일보
어린이교통사고,부산 교통사고,부산 사건사고,부산 어제 교통사고
어린이교통사고,부산 교통사고,부산 사건사고,해운대 자동차 사고
어린이교통사고,부산 교통사고,부산 사건사고,부산 충돌사고
어린이교통사고,부산 교통사고,부산 사건사고,부산대 사고
어린이교통사고,부산 교통사고,부산 사건사고,부산 북구 사건사고
어린이교통사고,부산 교통사고,부산 사건사고,강서구 사고
어린이교통사고,부산 교통사고,부산 사건사고,부산대 사망사고
어린이교통사고,부산 교통사고,부산 사건사고,부산 서면 사고
어린이교통사고,부산 교통사고,부산 사건사고,용인 사건사고
어린이교통사고,부산 교통사고,부산 사건사고,부산 suv 사고
어린이교통사고,부산 교통사고,부산 사건사고,해운대 충돌사고
어린이교통사고,부산 교통사고,부산 사건사고,만취사건사고
어린이교통사고,부산 교통사고,부산 해운대 교통사고,부산 이마트앞 사고
어린이교통사고,부산 교통사고,부산 해운대 교통사고,중동 이마트 교통사고
어린이교통사고,부산 교통사고,부산 해운대 교통사고,해운대 중동앞 교통사고
어린이교통사고,부산 교통사고,부산 해운대 교통사고,부산 중동역 사고
어린이교통사고,부산 교통사고,부산 해운대 교통사고,해운대 교통사고 오토바이
어린이교통사고,부산 교통사고,부산 해운대 교통사고,해운대 중동역 교차로
어린이교통사고,부산 교통사고,부산 해운대 교통사고,해운대 이마트 7중추돌사고
어린이교통사고,부산 교통사고,부산 해운대 교통사고,해운대 이마트앞사고
어린이교통사고,부산 교통사고,부산 해운대 교통사고,부산 7중교통사고
어린이교통사고,부산 교통사고,부산 해운대 교통사고,부산 포르쉐 영상
어린이교통사고,부산 교통사고,부산 해운대 교통사고,부산 사고영상
어린이교통사고,부산 교통사고,부산 해운대 교통사고,중동 포르쉐 사고
어린이교통사고,부산 교통사고,부산 해운대 교통사고,해운대 중동교차로
어린이교통사고,부산 교통사고,부산 해운대 교통사고,포르쉐 사고영상
어린이교통사고,부산 교통사고,부산 해운대 교통사고,부산 대마초 교통사고
어린이교통사고,부산 교통사고,부산 해운대 교통사고,해운대 포르쉐 사고 오토바이 운전자
어린이교통사고,부산 교통사고,부산 해운대 교통사고,해운대 사건사고
어린이교통사고,부산 교통사고,부산 해운대 교통사고,부산 자동차 사고
어린이교통사고,부산 교통사고,부산 해운대 교통사고,해운대구 중동
어린이교통사고,부산 교통사고,부산 해운대 교통사고,해운대 어린이 교통사고
어린이교통사고,부산 교통사고,부산 오늘 교통사고소식,부산 오늘 사건사고
어린이교통사고,부산 교통사고,부산 오늘 교통사고소식,오늘 구미 교통사고
어린이교통사고,부산 교통사고,부산 오늘 교통사고소식,오늘 서울 교통사고 소식
어린이교통사고,부산 교통사고,부산 오늘 교통사고소식,오늘 고속도로 교통상황
어린이교통사고,부산 교통사고,부산 오늘 교통사고소식,부산 교통방송
어린이교통사고,부산 교통사고,부산 오늘 교통사고소식,부산시 교통상황
어린이교통사고,부산 교통사고,부산 오늘 교통사고소식,부산 스쿨존 사고
어린이교통사고,부산 교통사고,부산 오늘 교통사고소식,칠곡군 교통사고
어린이교통사고,부산 교통사고,부산 오늘 교통사고소식,김해시 교통사고
어린이교통사고,부산 교통사고,부산 오늘 교통사고소식,부산 크레인 사고
어린이교통사고,부산 교통사고,부산 오늘 교통사고소식,오늘의 교통사고
어린이교통사고,부산 교통사고,부산 오늘 교통사고소식,제주오늘 교통사고소식
어린이교통사고,부산 교통사고,부산 오늘 교통사고소식,오늘 눈소식
어린이교통사고,부산 교통사고,부산 오늘 교통사고소식,곤지암 교통사고
어린이교통사고,부산 교통사고,부산 오늘 교통사고소식,대구 오늘 교통사고
어린이교통사고,부산 교통사고,부산 오늘 교통사고소식,성남 교통사고
어린이교통사고,부산 교통사고,부산 오늘 교통사고소식,오늘의 화재사고
어린이교통사고,부산 교통사고,부산 오늘 교통사고소식,오늘 광주 교통사고
어린이교통사고,부산 교통사고,부산 오늘 교통사고소식,부산 소고기
어린이교통사고,부산 교통사고,부산 기장 교통사고,부산 기장군 교통사고
어린이교통사고,부산 교통사고,부산 기장 교통사고,부산 송정 교통사고
어린이교통사고,부산 교통사고,부산 기장 교통사고,기장 교리 사고
어린이교통사고,부산 교통사고,부산 기장 교통사고,투싼 사고
어린이교통사고,부산 교통사고,부산 교통상황,부산 교통사고
어린이교통사고,부산 교통사고,부산 교통상황,부산 교통상황 cctv
어린이교통사고,부산 교통사고,부산 교통상황,부산 교통정보
어린이교통사고,부산 교통사고,부산 교통상황,부산 현재 교통상황
어린이교통사고,부산 교통사고,부산 교통상황,부산교통공사
어린이교통사고,부산 교통사고,부산 교통상황,부산 지역 도로상황
어린이교통사고,부산 교통사고,부산 교통상황,부산 교통방송
어린이교통사고,부산 교통사고,부산 교통상황,부산 교통통제
어린이교통사고,부산 교통사고,부산 교통상황,부산 누적 강수량
어린이교통사고,부산 교통사고,부산 교통상황,부산 도로통제구간
어린이교통사고,부산 교통사고,부산 교통상황,서울 강서구 교통상황
어린이교통사고,부산 교통사고,부산 교통상황,울산 교통상황
어린이교통사고,부산 교통사고,부산 교통상황,부산 산사태 위치
어린이교통사고,부산 교통사고,부산 교통상황,부산 교통정보센터
어린이교통사고,부산 교통사고,부산 교통상황,부산 현재 침수지역
어린이교통사고,부산 교통사고,부산 교통상황,부산 날씨
어린이교통사고,부산 교통사고,부산 교통상황,오늘의 교통상황
어린이교통사고,부산 교통사고,부산 교통상황,경부 고속도로 현재 교통상황
어린이교통사고,부산 교통사고,부산 교통상황,서울시 교통상황 cctv
어린이교통사고,부산 교통사고,부산 교통상황,부산 대교 교통상황
어린이교통사고,부산 교통사고,부산 어제 교통사고,부산 차량 사고
어린이교통사고,부산 교통사고,부산 어제 교통사고,어제 교통사고 현황
어린이교통사고,부산 교통사고,부산 어제 교통사고,오늘 부산 교통사고
어린이교통사고,부산 교통사고,부산 어제 교통사고,부산 사건사고
어린이교통사고,부산 교통사고,부산 어제 교통사고,해운대 사건사고
어린이교통사고,부산 교통사고,부산 어제 교통사고,부산 충돌사고
어린이교통사고,부산 교통사고,부산 어제 교통사고,포르쉐 퇴근길
어린이교통사고,부산 교통사고,부산 어제 교통사고,해운대 자동차 사고
어린이교통사고,부산 교통사고,부산 어제 교통사고,경산 교통사고
어린이교통사고,부산 교통사고,부산 어제 교통사고,어제 인천 교통사고
어린이교통사고,부산 교통사고,부산 어제 교통사고,해운대 충돌사고
어린이교통사고,부산 교통사고,부산 어제 교통사고,어제 고속도로 교통사고 뉴스
어린이교통사고,부산 교통사고,부산 어제 교통사고,어제 경부고속도로 교통사고
어린이교통사고,부산 교통사고,부산 어제 교통사고,부산 어제 강수량
어린이교통사고,부산 교통사고,부산 어제 교통사고,어제 교통 사망사고
어린이교통사고,부산 교통사고,부산 어제 교통사고,이천 마라톤 교통사고
어린이교통사고,부산 교통사고,부산 어제 교통사고,해운대 어린이 교통사고
어린이교통사고,부산 교통사고,부산 어제 교통사고,부산 동구 교통사고
어린이교통사고,부산 교통사고,부산 어제 교통사고,대구 어제 교통사고
어린이교통사고,부산 교통사고,부산 어제 교통사고,어제 울산 교통사고
어린이교통사고,부산 교통사고,부산 강서구 교통사고,부산 명호사거리
어린이교통사고,부산 교통사고,부산 강서구 교통사고,부산 오늘 교통사고소식
어린이교통사고,부산 교통사고,부산 강서구 교통사고,부산서 5중
어린이교통사고,부산 교통사고,부산 강서구 교통사고,부산 남구 교통사고
어린이교통사고,부산 교통사고,부산 강서구 교통사고,부산 교통사고 사망
어린이교통사고,부산 교통사고,부산 강서구 교통사고,부산 차량 사고
어린이교통사고,부산 교통사고,부산 강서구 교통사고,부산 트레일러 사고
어린이교통사고,부산 교통사고,김해 교통사고,오늘 김해 교통사고
어린이교통사고,부산 교통사고,김해 교통사고,장유 교통사고
어린이교통사고,부산 교통사고,김해 교통사고,부산 교통사고
어린이교통사고,부산 교통사고,김해 교통사고,서김해 교통사고
어린이교통사고,부산 교통사고,김해 교통사고,이언주
어린이교통사고,부산 교통사고,김해 교통사고,김해 사건사고
어린이교통사고,부산 교통사고,김해 교통사고,김해 교통 사망사고
어린이교통사고,부산 교통사고,김해 교통사고,창원 교통사고
어린이교통사고,부산 교통사고,김해 교통사고,김해시 교통사고
어린이교통사고,부산 교통사고,김해 교통사고,김해 내동 교통사고
어린이교통사고,부산 교통사고,김해 교통사고,밀양 교통사고
어린이교통사고,부산 교통사고,김해 교통사고,경남 교통사고
어린이교통사고,부산 교통사고,김해 교통사고,부산대 졸업
어린이교통사고,부산 교통사고,김해 교통사고,진주 교통사고
어린이교통사고,부산 교통사고,김해 교통사고,음주운전 교통사고
어린이교통사고,부산 교통사고,김해 교통사고,삼계 교통사고
어린이교통사고,부산 교통사고,김해 교통사고,김해 어방동 교통사고
어린이교통사고,부산 교통사고,김해 교통사고,진해 교통사고
어린이교통사고,부산 교통사고,김해 교통사고,김해 교차로
어린이교통사고,부산 교통사고,김해 교통사고,부산 김해중간 교통사고
어린이교통사고,부산 교통사고,부산 사망사고,부산 교통 사망사고
어린이교통사고,부산 교통사고,부산 사망사고,부산 기장 추락사고
어린이교통사고,부산 교통사고,부산 사망사고,강변대로
어린이교통사고,부산 교통사고,부산 사망사고,아반떼
어린이교통사고,부산 교통사고,부산 사망사고,부산 사하구 강변대로
어린이교통사고,부산 교통사고,부산 사망사고,부산 사건사고
어린이교통사고,부산 교통사고,부산 사망사고,부산 베란다 사망
어린이교통사고,부산 교통사고,부산 사망사고,부산 교통사고
어린이교통사고,부산 교통사고,부산 사망사고,부산 테이프사망
어린이교통사고,부산 교통사고,부산 사망사고,부산 창문
어린이교통사고,부산 교통사고,부산 사망사고,부산 지하차도 사고
어린이교통사고,부산 교통사고,부산 사망사고,엘시티 창문
어린이교통사고,부산 교통사고,부산 사망사고,부산 침수 사고
어린이교통사고,부산 교통사고,부산 사망사고,가스 질식사고
어린이교통사고,부산 교통사고,부산 사망사고,부산 초량 물난리사고
어린이교통사고,부산 교통사고,부산 사망사고,부산 하수도 사고
어린이교통사고,부산 교통사고,부산 사망사고,부산 지하도 사망 사고
어린이교통사고,부산 교통사고,부산 사망사고,부산 지하차도 침수 사망
어린이교통사고,부산 교통사고,부산 사망사고,부산 아파트 사망사고
어린이교통사고,부산 교통사고,부산 사망사고,부산 재송동 교통사고
어린이교통사고,부산 교통사고,양산 교통사고,양산ic 교통사고
어린이교통사고,부산 교통사고,양산 교통사고,양산 고속도로 교통사고
어린이교통사고,부산 교통사고,양산 교통사고,경남 양산 교통사고
어린이교통사고,부산 교통사고,양산 교통사고,부산 교통사고
어린이교통사고,부산 교통사고,양산 교통사고,양산 교통사고 병원
어린이교통사고,부산 교통사고,양산 교통사고,양산 교동 교통사고
어린이교통사고,부산 교통사고,양산 교통사고,양산 나들목 교통사고
어린이교통사고,부산 교통사고,양산 교통사고,양산교차로 교통사고
어린이교통사고,부산 교통사고,양산 교통사고,양산 교통사고 한의원
어린이교통사고,부산 교통사고,양산 교통사고,경부 고속도로 사고
어린이교통사고,부산 교통사고,양산 교통사고,양산 SUV 교통사고
어린이교통사고,부산 교통사고,양산 교통사고,내연관계 폭로
어린이교통사고,부산 교통사고,양산 교통사고,남양산 교통사고
어린이교통사고,부산 교통사고,양산 교통사고,양산 서창 교통사고
어린이교통사고,부산 교통사고,양산 교통사고,양산 교리교통사고
어린이교통사고,부산 교통사고,양산 교통사고,교통사고 볼보
어린이교통사고,부산 교통사고,양산 교통사고,양산 통증
어린이교통사고,부산 교통사고,양산 교통사고,양산 교통사고 한방병원
어린이교통사고,부산 교통사고,양산 교통사고,양산 교통사고 블랙박스
어린이교통사고,부산 교통사고,양산 교통사고,양산 척추병원
어린이교통사고,부산 교통사고,부산 연제구 교통사고,부산 거제동 교통사고
어린이교통사고,부산 교통사고,부산 연제구 교통사고,중앙선추돌교통사고
어린이교통사고,부산 교통사고,부산 연제구 교통사고,부산 연제구 차량 사고
어린이교통사고,부산 교통사고,부산 연제구 교통사고,거제동 6중추돌사고
어린이교통사고,부산 교통사고,부산 연제구 교통사고,연제구 추돌사고
어린이교통사고,부산 교통사고,부산 연제구 교통사고,부산 중앙선 침범
어린이교통사고,부산 교통사고,부산 연제구 교통사고,연제구 충돌사고
어린이교통사고,부산 교통사고,부산 연제구 교통사고,부산 뉴스
어린이교통사고,부산 교통사고,부산 연제구 교통사고,연제구 연산터널
어린이교통사고,부산 교통사고,부산 교통사고 동영상,부산 교통사고 속보
어린이교통사고,부산 교통사고,부산 교통사고 동영상,해운대 교통사고 동영상
어린이교통사고,부산 교통사고,부산 중앙선 침범,부산 교통사고
어린이교통사고,부산 교통사고,부산 중앙선 침범,부산 연제구 교통사고
어린이교통사고,부산 교통사고,부산 중앙선 침범,연제구 충돌사고
어린이교통사고,부산 교통사고,부산 중앙선 침범,6중
어린이교통사고,부산 교통사고,부산 중앙선 침범,부산 연제구 차량 사고
어린이교통사고,부산 교통사고,부산 중앙선 침범,중앙선추돌교통사고
어린이교통사고,부산 교통사고,부산 중앙선 침범,부산 거제동
어린이교통사고,부산 교통사고,부산 사하구 교통사고,부산 사상구 교통사고
어린이교통사고,부산 교통사고,부산 사하구 교통사고,사하구 다대동 교통사고
어린이교통사고,부산 교통사고,부산 사하구 교통사고,부산 교통사고 사망
어린이교통사고,부산 교통사고,부산 사하구 교통사고,스텔스 사고
어린이교통사고,부산 교통사고,부산 사하구 교통사고,오늘의 교통사고
어린이교통사고,부산 교통사고,부산 사하구 교통사고,오늘 교통사고소식
어린이교통사고,부산 교통사고,부산 사하구 교통사고,인천 교통사고
어린이교통사고,부산 교통사고,부산 스쿨존 교통사고,해운대구 스쿨존 사고
어린이교통사고,부산 교통사고,부산 스쿨존 교통사고,부산 어린이 사고
어린이교통사고,부산 교통사고,부산 스쿨존 교통사고,부산 재송동 교통사고
어린이교통사고,부산 교통사고,부산 스쿨존 교통사고,6살 교통사고
어린이교통사고,부산 교통사고,부산 스쿨존 교통사고,부산 학교앞 교통사고
어린이교통사고,부산 교통사고,부산 스쿨존 교통사고,부산 어린이보호구역 교통사고
어린이교통사고,부산 교통사고,부산 스쿨존 교통사고,부산 차사고
어린이교통사고,부산 교통사고,부산 스쿨존 교통사고,재송동 초등학교 사고
어린이교통사고,부산 교통사고,부산 스쿨존 교통사고,부산 초등학생 교통사고
어린이교통사고,민식이법,민식이 부모,민식이 부모 거짓말
어린이교통사고,민식이법,민식이 부모,민식이 엄마
어린이교통사고,민식이법,민식이 부모,민식이법 5억
어린이교통사고,민식이법,민식이 부모,민식이부모 7억
어린이교통사고,민식이법,민식이 부모,민식이 아빠
어린이교통사고,민식이법,민식이 부모,민식이 가해자
어린이교통사고,민식이법,민식이 부모,민식이부모 소송
어린이교통사고,민식이법,민식이 부모,민식이법 내용
어린이교통사고,민식이법,민식이 부모,민식이 부모 고소
어린이교통사고,민식이법,민식이 부모,민식이 부모 처벌
어린이교통사고,민식이법,민식이 부모,민식이법 논란
어린이교통사고,민식이법,민식이 부모,민식이 사건
어린이교통사고,민식이법,민식이 부모,민식이 교통사고
어린이교통사고,민식이법,민식이 부모,택시 민식이
어린이교통사고,민식이법,민식이 부모,민식이법 택시
어린이교통사고,민식이법,민식이 부모,민식이법 자전거
어린이교통사고,민식이법,민식이 부모,민식이법 악용
어린이교통사고,민식이법,민식이 부모,민식이 아버지
어린이교통사고,민식이법,민식이 부모,한문철 민식이법
어린이교통사고,민식이법,민식이 부모,삼성화재 민식이
어린이교통사고,민식이법,민식이 교통사고,민식이 교통사고 블랙박스
어린이교통사고,민식이법,민식이 교통사고,민식이 교통사고 가해자
어린이교통사고,민식이법,민식이 교통사고,민식이법
어린이교통사고,민식이법,민식이 교통사고,민식이 교통사고 경위
어린이교통사고,민식이법,민식이 교통사고,스쿨존 민식이 교통사고
어린이교통사고,민식이법,민식이 교통사고,민식이 사건
어린이교통사고,민식이법,민식이 교통사고,민식이 교통사고 장소
어린이교통사고,민식이법,민식이 교통사고,민식이법 내용
어린이교통사고,민식이법,민식이 교통사고,민식이 합의
어린이교통사고,민식이법,민식이 교통사고,민식이 부모
어린이교통사고,민식이법,민식이 교통사고,전주 민식이법 블랙박스
어린이교통사고,민식이법,민식이 교통사고,부산 교통사고
어린이교통사고,민식이법,민식이 교통사고,민식이 부부
어린이교통사고,민식이법,민식이 교통사고,한문철 변호사
어린이교통사고,민식이법,민식이 교통사고,하준이법
어린이교통사고,민식이법,민식이 교통사고,민식이 부모 거짓말
어린이교통사고,민식이법,민식이 교통사고,민식이 엄마 거짓
어린이교통사고,민식이법,민식이 교통사고,반월동 교통사고
어린이교통사고,민식이법,민식이 교통사고,전주 반월동
어린이교통사고,민식이법,민식이 교통사고,민식이 사고 운전자
어린이교통사고,민식이법,민식이 엄마,민식이 엄마 비례대표
어린이교통사고,민식이법,민식이 엄마,민식이 엄마 거짓
어린이교통사고,민식이법,민식이 엄마,민식이 부모 거짓말
어린이교통사고,민식이법,민식이 엄마,민식이법
어린이교통사고,민식이법,민식이 엄마,민식이 엄마 미인
어린이교통사고,민식이법,민식이 엄마,민식이 교통사고
어린이교통사고,민식이법,민식이 엄마,민식이 아빠
어린이교통사고,민식이법,민식이 엄마,민식이법 내용
어린이교통사고,민식이법,민식이 엄마,민식이 엄마 정치
어린이교통사고,민식이법,민식이 엄마,이소현
어린이교통사고,민식이법,민식이 엄마,민식이 가해자
어린이교통사고,민식이법,민식이 엄마,민식이 사건
어린이교통사고,민식이법,민식이 엄마,민식이법 엄마 거짓말
어린이교통사고,민식이법,민식이 엄마,김민식 엄마
어린이교통사고,민식이법,민식이 엄마,민식이엄마 국회의원
어린이교통사고,민식이법,민식이 엄마,보배드림
어린이교통사고,민식이법,민식이 엄마,삼성화재 민식이
어린이교통사고,민식이법,민식이 엄마,민식이법 악법
어린이교통사고,민식이법,민식이 엄마,스쿨존이란
어린이교통사고,민식이법,민식이 엄마,민식이부모 7억
어린이교통사고,민식이법,하준이법,하준이법 내용
어린이교통사고,민식이법,하준이법,해인이법
어린이교통사고,민식이법,하준이법,민식이법
어린이교통사고,민식이법,하준이법,윤창호법
어린이교통사고,민식이법,하준이법,고임목
어린이교통사고,민식이법,하준이법,주차장법
어린이교통사고,민식이법,하준이법,도로교통법
어린이교통사고,민식이법,하준이법,하준이 엄마
어린이교통사고,민식이법,민식이법 시행일,민식이법 내용
어린이교통사고,민식이법,민식이법 시행일,민식이법 공포
어린이교통사고,민식이법,민식이법 시행일,민식이법 가해자
어린이교통사고,민식이법,민식이법 시행일,민식이법 운전자보험
어린이교통사고,민식이법,민식이법 시행일,민식이법 시행일 사고
어린이교통사고,민식이법,민식이법 시행일,민식이법 국민청원
어린이교통사고,민식이법,민식이법 시행일,민식이법 법안
어린이교통사고,민식이법,민식이법 시행일,민식이법 시행시기
어린이교통사고,민식이법,민식이법 시행일,민식이법 적용
어린이교통사고,민식이법,민식이법 시행일,민식이법 문제점
어린이교통사고,민식이법,민식이법 시행일,민식이법 주정차
어린이교통사고,민식이법,민식이법 시행일,하준이법
어린이교통사고,민식이법,민식이법 시행일,민식이법 반대의원
어린이교통사고,민식이법,민식이법 시행일,민식이법 무기징역
어린이교통사고,민식이법,민식이법 가해자,민식이법 가해자 처벌
어린이교통사고,민식이법,민식이법 가해자,민식이법 가해자 가족
어린이교통사고,민식이법,민식이법 가해자,민식이법 가해자 형량
어린이교통사고,민식이법,민식이법 가해자,민식이법 내용
어린이교통사고,민식이법,민식이법 가해자,민식이법 교통사고
어린이교통사고,민식이법,민식이법 가해자,민식이 부모 5억
어린이교통사고,민식이법,민식이법 가해자,민식이법 사고내용
어린이교통사고,민식이법,민식이법 가해자,민식이법 판결
어린이교통사고,민식이법,민식이법 가해자,민식이법 시행일
어린이교통사고,민식이법,민식이법 가해자,민식이 엄마
어린이교통사고,민식이법,민식이법 가해자,민식이법 가해자 과실
어린이교통사고,민식이법,민식이법 가해자,운전자보험 민식이법
어린이교통사고,민식이법,민식이법 가해자,민식이법 금고 5년
어린이교통사고,민식이법,민식이법 가해자,민식이법 아빠
어린이교통사고,민식이법,민식이법 가해자,민식이법 7억
어린이교통사고,민식이법,민식이법 가해자,민식이 합의금
어린이교통사고,민식이법,민식이법 가해자,스쿨존 사고 벌금
어린이교통사고,민식이법,민식이법 가해자,천안 민식이법
어린이교통사고,민식이법,민식이법 가해자,민식이법 악법
어린이교통사고,민식이법,민식이법 가해자,김민식 부모
어린이교통사고,민식이법,민식이법 통과,스쿨존 교통사고
어린이교통사고,민식이법,민식이법 통과,민식이법 국민청원
어린이교통사고,민식이법,민식이법 통과,하준이법 통과
어린이교통사고,민식이법,민식이법 통과,민식이법 사례
어린이교통사고,민식이법,민식이법 통과,민식이법 동영상
어린이교통사고,민식이법,민식이법 통과,민식이 아버지
어린이교통사고,민식이법,민식이법 통과,민식이법 국회의원
어린이교통사고,민식이법,민식이법 통과,민식이법 실형
어린이교통사고,민식이법,민식이법 통과,이혜훈 의원
어린이교통사고,민식이법,민식이법 통과,민식이법 무기징역
어린이교통사고,민식이법,민식이법 통과,민식이법 여론
어린이교통사고,민식이법,민식이법 통과,민식이법 개정 청원
어린이교통사고,민식이법,민식이법 통과,민식이법 폐지 청원
어린이교통사고,민식이법,민식이법 통과,스쿨존이란
어린이교통사고,민식이법,민식이법 통과,나경원 민식이법 법안
어린이교통사고,민식이법,민식이법 통과,민식이법 시행
어린이교통사고,민식이법,민식이법 통과,민식이법 선거법
어린이교통사고,민식이법,민식이법 국민청원,민식이법 반대국민청원
어린이교통사고,민식이법,민식이법 국민청원,민식이법 개정 국민청원
어린이교통사고,민식이법,민식이법 국민청원,청와대 국민청원 민식이법
어린이교통사고,민식이법,민식이법 국민청원,청와대 국민청원홈페이지 민식이법
어린이교통사고,민식이법,민식이법 국민청원,민식이법 형량 음주운전
어린이교통사고,민식이법,민식이법 국민청원,민식이법 가해자
어린이교통사고,민식이법,민식이법 국민청원,민식이법 고소
어린이교통사고,민식이법,민식이법 국민청원,민식이법 내용
어린이교통사고,민식이법,민식이법 국민청원,민식이법 폐지 청원
어린이교통사고,민식이법,민식이법 국민청원,악법 민식이법
어린이교통사고,민식이법,민식이법 국민청원,민식이법 여론
어린이교통사고,민식이법,민식이법 국민청원,민식이법 통과
어린이교통사고,민식이법,민식이법 국민청원,국민청원 게시판
어린이교통사고,민식이법,민식이법 국민청원,민식이법 법안 내용
어린이교통사고,민식이법,민식이법 국민청원,민식이법 문제점
어린이교통사고,민식이법,민식이법 놀이,민식이법 악용
어린이교통사고,민식이법,민식이법 놀이,민식이법 장난
어린이교통사고,민식이법,민식이법 놀이,민식법 놀이
어린이교통사고,민식이법,민식이법 놀이,민식이법 초등학생
어린이교통사고,민식이법,민식이법 놀이,민식이법 블랙박스
어린이교통사고,민식이법,민식이법 놀이,스쿨존 놀이
어린이교통사고,민식이법,민식이법 놀이,민식이법 개정
어린이교통사고,민식이법,민식이법 놀이,학교앞에서 차만지면
어린이교통사고,민식이법,민식이법 놀이,네이버 지식인
어린이교통사고,민식이법,민식이법 놀이,한문철 자전거아이 민식이법
어린이교통사고,민식이법,민식이법 놀이,민식이법 내용
어린이교통사고,민식이법,민식이법 놀이,민식이법 악용 처벌
어린이교통사고,민식이법,민식이법 놀이,스쿨존 장난
어린이교통사고,민식이법,민식이법 놀이,민식이놀이대응 방법
어린이교통사고,민식이법,민식이법 놀이,스쿨존이란
어린이교통사고,민식이법,민식이법 놀이,민식이법 100만원
어린이교통사고,민식이법,민식이법 놀이,민식이법 부모
어린이교통사고,민식이법,민식이법 놀이,민식이법 놀이영상
어린이교통사고,민식이법,민식이법 문제점,민식이법 내용
어린이교통사고,민식이법,민식이법 문제점,민식이법 용돈벌이
어린이교통사고,민식이법,민식이법 문제점,김태양 의원
어린이교통사고,민식이법,민식이법 문제점,민식이 사고
어린이교통사고,민식이법,민식이법 문제점,민식이법 국민청원
어린이교통사고,민식이법,민식이법 문제점,민식이법 가해자
어린이교통사고,민식이법,민식이법 문제점,민식이법 악용
어린이교통사고,민식이법,민식이법 문제점,민식이 아버지
어린이교통사고,민식이법,민식이법 문제점,의정부 스쿨존
어린이교통사고,민식이법,민식이법 문제점,민식이법 자전거
어린이교통사고,민식이법,민식이법 문제점,민식이법 70만원
어린이교통사고,민식이법,민식이법 문제점,경주 민식이법
어린이교통사고,민식이법,민식이법 문제점,민식이법 사고 영상
어린이교통사고,민식이법,민식이법 문제점,민식이법 카라큘라
어린이교통사고,민식이법,민식이법 문제점,민식이법 국회의원
어린이교통사고,민식이법,민식이법 문제점,민식이법 동영상
어린이교통사고,민식이법,민식이법 문제점,민식이 부모민사소송
어린이교통사고,민식이법,민식이법 문제점,민식이법 위헌
어린이교통사고,민식이법,민식이법 문제점,한문철변호사 민식이법
어린이교통사고,민식이법,민식이법 문제점,민식이법 악법
어린이교통사고,민식이법,민식이법 개정,민식이법 시행일
어린이교통사고,민식이법,민식이법 개정,민식이법 개정 국민청원
어린이교통사고,민식이법,민식이법 개정,민식이법 놀이
어린이교통사고,민식이법,민식이법 개정,민식이법 운전자보험
어린이교통사고,민식이법,민식이법 개정,한문철 자전거아이 민식이법
어린이교통사고,민식이법,민식이법 개정,민식이법 도로교통법 개정안
어린이교통사고,민식이법,민식이법 개정,청와대 국민청원홈페이지 민식이법
어린이교통사고,민식이법,민식이법 개정,민식이법 100만원
어린이교통사고,민식이법,민식이법 개정,민식이법 70만원
어린이교통사고,민식이법,민식이법 개정,민식이법 장난
어린이교통사고,민식이법,민식이법 개정,택시기사 민식이법
어린이교통사고,민식이법,민식이법 개정,김두관 민식이법
어린이교통사고,민식이법,민식이법 개정,민식이법 용돈벌이
어린이교통사고,민식이법,민식이법 개정,민식이법 악법
어린이교통사고,민식이법,민식이법 개정,강효상
어린이교통사고,민식이법,민식이법 개정,민식이법 고소
어린이교통사고,민식이법,민식이법 개정,민식이법 민주당
어린이교통사고,민식이법,민식이법 개정,민식이법 청와대 답변
어린이교통사고,민식이법,민식이법 개정,민식이 의원
어린이교통사고,민식이법,민식이법 개정,민식이법 여론
어린이교통사고,민식이법,민식이법 이란,민식이법 내용
어린이교통사고,민식이법,민식이법 이란,민식이법 법안 내용
어린이교통사고,민식이법,민식이법 이란,민식이 교통사고
어린이교통사고,민식이법,민식이법 이란,민식이법 악법
어린이교통사고,민식이법,민식이법 이란,민식이법 문제점
어린이교통사고,민식이법,민식이법 이란,민식이 가해자
어린이교통사고,민식이법,민식이법 이란,자전거 민식이법
어린이교통사고,민식이법,민식이법 이란,민식이법 벌금
어린이교통사고,민식이법,민식이법 이란,민식이 영상
어린이교통사고,민식이법,민식이법 악법,민식이법 청와대청원
어린이교통사고,민식이법,민식이법 악법,민식이법 논란
어린이교통사고,민식이법,민식이법 악법,민식이법 악용
어린이교통사고,민식이법,민식이법 악법,민식이법 불법유턴
어린이교통사고,민식이법,민식이법 악법,민식이법 개정 국민청원
어린이교통사고,민식이법,민식이법 악법,국민청원 게시판
어린이교통사고,민식이법,민식이법 악법,민식이법 헌법소원
어린이교통사고,민식이법,민식이법 악법,민식이법 이란
어린이교통사고,민식이법,민식이법 악법,민식이법 블랙박스
어린이교통사고,민식이법,민식이법 악법,민식이법 자전거사고
어린이교통사고,민식이법,민식이법 악법,민식이법 내용
어린이교통사고,민식이법,민식이법 악법,민식이법 과실
어린이교통사고,민식이법,민식이법 악법,학교앞 속도위반 벌금
어린이교통사고,민식이법,민식이법 악법,악법도 법이다
어린이교통사고,민식이법,민식이법 악법,민식이 교통사고 가해자
어린이교통사고,민식이법,민식이법 악법,민식이법 보수 유튜버
어린이교통사고,민식이법,민식이법 악법,민식이법 악법 가짜 뉴스
어린이교통사고,민식이법,민식이법 악법,민식이법 주요내용
어린이교통사고,민식이법,민식이법 운전자보험,민식이법 운전자보험 추가
어린이교통사고,민식이법,민식이법 운전자보험,민식이법 자동차보험
어린이교통사고,민식이법,민식이법 운전자보험,민식이법 운전자보험 추천
어린이교통사고,민식이법,민식이법 운전자보험,민식이법 내용
어린이교통사고,민식이법,민식이법 운전자보험,민식이법 대비 운전자보험
어린이교통사고,민식이법,민식이법 운전자보험,운전자보험이란
어린이교통사고,민식이법,민식이법 운전자보험,동부화재 운전자보험
어린이교통사고,민식이법,민식이법 운전자보험,운전자보험 벌금
어린이교통사고,민식이법,민식이법 운전자보험,운전자보험 실비보험
어린이교통사고,민식이법,민식이법 운전자보험,자동차보험 운전자연령
어린이교통사고,민식이법,민식이법 운전자보험,운전자보험 만기환급
어린이교통사고,민식이법,민식이법 운전자보험,운전자보험 가입나이
어린이교통사고,민식이법,민식이법 운전자보험,현대해상
어린이교통사고,민식이법,민식이법 운전자보험,운전자보험 가격비교
어린이교통사고,민식이법,민식이법 운전자보험,민식이법 개정
어린이교통사고,민식이법,민식이법 운전자보험,자동차 운전자보험 추천
어린이교통사고,민식이법,민식이법 운전자보험,운전자보험 보험기간
어린이교통사고,민식이법,민식이법 운전자보험,참좋은 운전자보험
어린이교통사고,민식이법,민식이법 운전자보험,운전자보험 인기순위
어린이교통사고,민식이법,민식이법 운전자보험,운전자보험 순수보장형
어린이교통사고,민식이법,스쿨존,스쿨존 사고
어린이교통사고,민식이법,스쿨존,스쿨존이란
어린이교통사고,민식이법,스쿨존,스쿨존 속도
어린이교통사고,민식이법,스쿨존,민식이법
어린이교통사고,민식이법,스쿨존,어린이 보호구역
어린이교통사고,민식이법,스쿨존,스쿨존 민식이 교통사고
어린이교통사고,민식이법,스쿨존,스쿨존 범위
어린이교통사고,민식이법,스쿨존,스쿨존 방과후
어린이교통사고,민식이법,스쿨존,스쿨존 지도
어린이교통사고,민식이법,스쿨존,스쿨존 표시
어린이교통사고,민식이법,스쿨존,경주 스쿨존 사고
어린이교통사고,민식이법,스쿨존,중학교 스쿨존
어린이교통사고,민식이법,스쿨존,스쿨존 주정차
어린이교통사고,민식이법,스쿨존,스쿨존 표지판
어린이교통사고,민식이법,스쿨존,schoolzone.or.kr
어린이교통사고,민식이법,스쿨존,스쿨존 단속시간
어린이교통사고,민식이법,스쿨존,스쿨존 보험
어린이교통사고,민식이법,스쿨존,스쿨존 지정
어린이교통사고,민식이법,스쿨존,스쿨존 설치
어린이교통사고,민식이법,스쿨존,스쿨존 확인
어린이교통사고,민식이법,민식이법 블랙박스,민식이 사고영상
어린이교통사고,민식이법,민식이법 블랙박스,민식법 놀이
어린이교통사고,민식이법,민식이법 블랙박스,민식이법 자전거
어린이교통사고,민식이법,민식이법 블랙박스,스쿨존 사고
어린이교통사고,민식이법,민식이법 블랙박스,민식이법 운전자보험
어린이교통사고,민식이법,민식이법 블랙박스,보배드림 어린이 자전거 교통사고
어린이교통사고,민식이법,민식이법 블랙박스,민식이법 폐지
어린이교통사고,민식이법,민식이법 블랙박스,박초희
어린이교통사고,민식이법,민식이법 블랙박스,스쿨존 사고 벌금
어린이교통사고,민식이법,민식이법 블랙박스,민식군 부모
어린이교통사고,민식이법,민식이법 블랙박스,민식이법 선고
어린이교통사고,민식이법,민식이법 블랙박스,민식이 부모 거짓말
어린이교통사고,민식이법,민식이법 블랙박스,구의동 민식이법
어린이교통사고,민식이법,민식이법 블랙박스,경주 스쿨존 민식이법
어린이교통사고,민식이법,민식이법 블랙박스,전주민식이법 사고
어린이교통사고,민식이법,민식이법 블랙박스,민식이법 처벌기준
어린이교통사고,민식이법,민식이법 블랙박스,민식이법 부모거짓말
어린이교통사고,민식이법,민식이법 블랙박스,민식이법 영장 기각
어린이교통사고,민식이법,민식이법 블랙박스,민식이법 악법
어린이교통사고,민식이법,민식이법 블랙박스,민식이법 식당
어린이교통사고,민식이법,민식이법 반대,민식이법 반대청원
어린이교통사고,민식이법,민식이법 반대,민식이법 반대국회의원
어린이교통사고,민식이법,민식이법 반대,민식이법 국민청원
어린이교통사고,민식이법,민식이법 반대,민식이법 폐지 청원
어린이교통사고,민식이법,민식이법 반대,민식이법 발의의원
어린이교통사고,민식이법,민식이법 반대,대전 둔산초
어린이교통사고,민식이법,민식이법 반대,음주운전 벌금
어린이교통사고,민식이법,민식이법 반대,강효상
어린이교통사고,민식이법,민식이법 발의,민식이법 발의의원
어린이교통사고,민식이법,민식이법 발의,민식이법 발의자
어린이교통사고,민식이법,해인이법,해인이법 통과
어린이교통사고,민식이법,해인이법,해인이법 청원
어린이교통사고,민식이법,해인이법,해인이 사고
어린이교통사고,민식이법,해인이법,한음이법
어린이교통사고,민식이법,해인이법,민식이법
어린이교통사고,민식이법,해인이법,하준이법
어린이교통사고,민식이법,해인이법,법사위
어린이교통사고,민식이법,해인이법,국민청원
어린이교통사고,민식이법,해인이법,해인이 엄마
어린이교통사고,민식이법,해인이법,청와대 국민청원홈페이지
어린이교통사고,전남 교통사고,오늘 전남 교통사고,오늘 사건사고
어린이교통사고,전남 교통사고,오늘 전남 교통사고,오늘의 교통사고
어린이교통사고,전남 교통사고,오늘 전남 교통사고,전남 나주 교통사고
어린이교통사고,전남 교통사고,오늘 전남 교통사고,오늘 수원 교통사고
어린이교통사고,전남 교통사고,오늘 전남 교통사고,전남홍도 오늘 날씨
어린이교통사고,전남 교통사고,오늘 전남 교통사고,영암 교통사고
어린이교통사고,전남 교통사고,오늘 전남 교통사고,단양 교통사고
어린이교통사고,전남 교통사고,오늘 전남 교통사고,오늘 여수 교통사고
어린이교통사고,전남 교통사고,오늘 전남 교통사고,곡성 교통사고
어린이교통사고,전남 교통사고,오늘 전남 교통사고,구례 교통사고
어린이교통사고,전남 교통사고,해남 교통사고,해남 산이면 교통사고
어린이교통사고,전남 교통사고,해남 교통사고,해남 마산면교통사고
어린이교통사고,전남 교통사고,해남 교통사고,해남 사망사고
어린이교통사고,전남 교통사고,해남 교통사고,해남 삼거리 교통사고
어린이교통사고,전남 교통사고,해남 교통사고,이혼소송 아내
어린이교통사고,전남 교통사고,해남 교통사고,해남 사건사고
어린이교통사고,전남 교통사고,해남 교통사고,영암 교통사고
어린이교통사고,전남 교통사고,해남 교통사고,이혼소송 정면충돌
어린이교통사고,전남 교통사고,해남 교통사고,해남 옥천 교통사고
어린이교통사고,전남 교통사고,해남 교통사고,해남 차사고
어린이교통사고,전남 교통사고,해남 교통사고,이혼소송 아내 차량 정면 충돌
어린이교통사고,전남 교통사고,해남 교통사고,전남 교통사고
어린이교통사고,전남 교통사고,해남 교통사고,경차
어린이교통사고,전남 교통사고,해남 교통사고,해남읍사무소
어린이교통사고,전남 교통사고,해남 교통사고,울진 교통사고
어린이교통사고,전남 교통사고,해남 교통사고,사동고등학교
어린이교통사고,전남 교통사고,해남 교통사고,해남 중앙교회
어린이교통사고,전남 교통사고,해남 교통사고,해남 유명 사찰
어린이교통사고,전남 교통사고,해남 교통사고,26일 교통사고
어린이교통사고,전남 교통사고,광주 교통사고,광주 교통사고 사망
어린이교통사고,전남 교통사고,광주 교통사고,광주광역시 교통사고
어린이교통사고,전남 교통사고,광주 교통사고,광주 북구 교통사고
어린이교통사고,전남 교통사고,광주 교통사고,오늘 광주 교통사고
어린이교통사고,전남 교통사고,광주 교통사고,광주 교통사고 속보
어린이교통사고,전남 교통사고,광주 교통사고,광주 운암동 교통사고
어린이교통사고,전남 교통사고,광주 교통사고,광주 서구 교통사고
어린이교통사고,전남 교통사고,광주 교통사고,광주 광산구 교통사고
어린이교통사고,전남 교통사고,광주 교통사고,광주 쌍촌동 교통사고
어린이교통사고,전남 교통사고,광주 교통사고,경기도 광주 교통사고
어린이교통사고,전남 교통사고,광주 교통사고,광주 남구 교통사고
어린이교통사고,전남 교통사고,광주 교통사고,전남 교통사고
어린이교통사고,전남 교통사고,광주 교통사고,광주 사건사고
어린이교통사고,전남 교통사고,광주 교통사고,광주 어린이보호구역 사고
어린이교통사고,전남 교통사고,광주 교통사고,경기광주 교통사고
어린이교통사고,전남 교통사고,광주 교통사고,광주 사망사고
어린이교통사고,전남 교통사고,광주 교통사고,광주 순환도로 교통사고
어린이교통사고,전남 교통사고,광주 교통사고,광주 음주 교통사고
어린이교통사고,전남 교통사고,광주 교통사고,운암동 교통사고 아파트
어린이교통사고,전남 교통사고,광주 교통사고,광주 스쿨존
어린이교통사고,전남 교통사고,목포 교통사고,목포 교통사고 사망
어린이교통사고,전남 교통사고,목포 교통사고,영암 교통사고
어린이교통사고,전남 교통사고,목포 교통사고,목포 옥암동 교통사고
어린이교통사고,전남 교통사고,목포 교통사고,목포 오토바이 사고
어린이교통사고,전남 교통사고,목포 교통사고,목포 사건사고
어린이교통사고,전남 교통사고,목포 교통사고,무안 교통사고
어린이교통사고,전남 교통사고,목포 교통사고,목포 사망사고
어린이교통사고,전남 교통사고,목포 교통사고,남악 교통사고
어린이교통사고,전남 교통사고,목포 교통사고,전남 교통사고
어린이교통사고,전남 교통사고,목포 교통사고,안개 사고
어린이교통사고,전남 교통사고,목포 교통사고,오늘의 서해대교 교통사고
어린이교통사고,전남 교통사고,목포 교통사고,광주 무면허사고
어린이교통사고,전남 교통사고,목포 교통사고,여수 교통사고 사망사고
어린이교통사고,전남 교통사고,목포 교통사고,목포시 교통사고
어린이교통사고,전남 교통사고,목포 교통사고,10대 렌트카 사고
어린이교통사고,전남 교통사고,목포 교통사고,10대 무면허
어린이교통사고,전남 교통사고,목포 교통사고,서해안 교통사고
어린이교통사고,전남 교통사고,목포 교통사고,오늘 고속도로 교통사고
어린이교통사고,전남 교통사고,목포 교통사고,서해대교 추돌사고
어린이교통사고,전남 교통사고,목포 교통사고,광주 광산구 교통사고
어린이교통사고,전남 교통사고,무면허 교통사고,목포 고등학생 상동 교통사고
어린이교통사고,전남 교통사고,무면허 교통사고,상동무면허 교통사고
어린이교통사고,전남 교통사고,무면허 교통사고,고교생 음주 무면허 사고
어린이교통사고,전남 교통사고,무면허 교통사고,목포 고등학생 렌트카
어린이교통사고,전남 교통사고,무면허 교통사고,목포시 교통사고
어린이교통사고,전남 교통사고,무면허 교통사고,목포시 상동 교통사고
어린이교통사고,전남 교통사고,무면허 교통사고,목포 무면허 운전 사고
어린이교통사고,전남 교통사고,무면허 교통사고,양을산 터널
어린이교통사고,전남 교통사고,무면허 교통사고,렌터카 교통사고
어린이교통사고,전남 교통사고,무면허 교통사고,전남 교통사고
어린이교통사고,전남 교통사고,무면허 교통사고,시흥 교통사고
어린이교통사고,전남 교통사고,무면허 교통사고,대학생 교통사고
어린이교통사고,전남 교통사고,무면허 교통사고,무면허 10대 교통사고
어린이교통사고,전남 교통사고,무면허 교통사고,인천 영종도 교통사고
어린이교통사고,전남 교통사고,무면허 교통사고,대전 무면허
어린이교통사고,전남 교통사고,무면허 교통사고,인천 을왕리 교통사고
어린이교통사고,전남 교통사고,무면허 교통사고,중학생 교통사고
어린이교통사고,전남 교통사고,무면허 교통사고,영종도 렌트카 사고
어린이교통사고,전남 교통사고,무면허 교통사고,06년생 교통사고
어린이교통사고,전남 교통사고,무면허 교통사고,광주 서구 교통사고
어린이교통사고,전남 교통사고,나주 교통사고,나주 혁신도시 교통사고
어린이교통사고,전남 교통사고,나주 교통사고,전남 교통사고
어린이교통사고,전남 교통사고,나주 교통사고,광주 교통사고
어린이교통사고,전남 교통사고,나주 교통사고,여수 교통사고
어린이교통사고,전남 교통사고,나주 교통사고,영월 교통사고
어린이교통사고,전남 교통사고,나주 교통사고,여수 경도교통사고
어린이교통사고,전남 교통사고,나주 교통사고,나주 뺑소니 사고
어린이교통사고,전남 교통사고,나주 교통사고,자동차 전용도로 나주
어린이교통사고,전남 교통사고,나주 교통사고,여수 사망사고
어린이교통사고,전남 교통사고,나주 교통사고,여수 7세 사고
어린이교통사고,전남 교통사고,나주 교통사고,오늘 전남 교통사고
어린이교통사고,전남 교통사고,나주 교통사고,영광군 교통사고
어린이교통사고,전남 교통사고,나주 교통사고,목포 교통사고
어린이교통사고,전남 교통사고,나주 교통사고,뺑소니 처벌
어린이교통사고,전남 교통사고,나주 교통사고,사천시 교통사고
어린이교통사고,전남 교통사고,나주 교통사고,곡성 교통사고
어린이교통사고,전남 교통사고,나주 교통사고,광양 교통사고
어린이교통사고,전남 교통사고,나주 교통사고,영암 교통사고
어린이교통사고,전남 교통사고,나주 교통사고,나주 남평 교통사고
어린이교통사고,전남 교통사고,나주 교통사고,경운기 교통사고
어린이교통사고,전남 교통사고,순천 교통사고,오늘 순천 교통사고
어린이교통사고,전남 교통사고,순천 교통사고,순천 교통사고 사망
어린이교통사고,전남 교통사고,순천 교통사고,광양 교통사고
어린이교통사고,전남 교통사고,순천 교통사고,순천 차량 사고
어린이교통사고,전남 교통사고,순천 교통사고,여수 교통사고
어린이교통사고,전남 교통사고,순천 교통사고,조례동 교통사고
어린이교통사고,전남 교통사고,순천 교통사고,순천 오토바이 사고
어린이교통사고,전남 교통사고,순천 교통사고,율촌 8중추돌
어린이교통사고,전남 교통사고,순천 교통사고,여수 대포터널 사고
어린이교통사고,전남 교통사고,순천 교통사고,순천 도로교통공단
어린이교통사고,전남 교통사고,순천 교통사고,순천 다중 교통사고
어린이교통사고,전남 교통사고,순천 교통사고,추돌사고
어린이교통사고,전남 교통사고,순천 교통사고,천안 교통사고
어린이교통사고,전남 교통사고,순천 교통사고,광주 사건사고
어린이교통사고,전남 교통사고,순천 교통사고,순천 사망사고
어린이교통사고,전남 교통사고,순천 교통사고,율촌 대포터널
어린이교통사고,전남 교통사고,순천 교통사고,창원 교통사고 사망
어린이교통사고,전남 교통사고,순천 교통사고,수원 교통사고
어린이교통사고,전남 교통사고,순천 교통사고,순천경찰서 교통과
어린이교통사고,전남 교통사고,순천 교통사고,순천 화재사고
어린이교통사고,전남 교통사고,전남 장흥 교통사고,용산면 교통사고
어린이교통사고,전남 교통사고,전남 장흥 교통사고,장흥 빗길 사고
어린이교통사고,전남 교통사고,전남 장흥 교통사고,장흥 배구 동호회
어린이교통사고,전남 교통사고,오늘 광주 교통사고,광주 차량 사고
어린이교통사고,전남 교통사고,오늘 광주 교통사고,오늘의 광주 운암동 교통사고
어린이교통사고,전남 교통사고,오늘 광주 교통사고,오늘 광주 날씨
어린이교통사고,전남 교통사고,오늘 광주 교통사고,대전 어제 교통사고
어린이교통사고,전남 교통사고,오늘 광주 교통사고,광주광역시 사건사고
어린이교통사고,전남 교통사고,오늘 광주 교통사고,9월27일 교통사고
어린이교통사고,전남 교통사고,오늘 광주 교통사고,강릉 교통사고
어린이교통사고,전남 교통사고,오늘 광주 교통사고,강릉 교동 교통사고
어린이교통사고,전남 교통사고,오늘 광주 교통사고,오늘 춘천 교통사고
어린이교통사고,전남 교통사고,오늘 광주 교통사고,오늘 서울 교통사고 소식
어린이교통사고,전남 교통사고,오늘 광주 교통사고,오늘의 화재사고
어린이교통사고,전남 교통사고,오늘 광주 교통사고,오늘 대구 교통사고
어린이교통사고,전남 교통사고,오늘 광주 교통사고,오늘 교통사고소식
어린이교통사고,전남 교통사고,오늘 광주 교통사고,광주 차량 두동강
어린이교통사고,전남 교통사고,오늘 광주 교통사고,승용차 2동강
어린이교통사고,전남 교통사고,오늘 광주 교통사고,광주서 승용차
어린이교통사고,전남 교통사고,오늘 광주 교통사고,광주 렌트카사고
어린이교통사고,전남 교통사고,오늘 광주 교통사고,광주 그랜저사고
어린이교통사고,전남 교통사고,오늘 광주 교통사고,20대 교통사고
어린이교통사고,전남 교통사고,오늘 광주 교통사고,광주 연제 사고
어린이교통사고,전남 교통사고,용산면 교통사고,장흥군 교통사고
어린이교통사고,전남 교통사고,용산면 교통사고,장흥 빗길 사고
어린이교통사고,전남 교통사고,함평 교통사고,함양 교통사고
어린이교통사고,전남 교통사고,함평 교통사고,전남 함평 교통사고
어린이교통사고,전남 교통사고,함평 교통사고,영광 교통사고
어린이교통사고,전남 교통사고,함평 교통사고,함평 오토바이
어린이교통사고,전남 교통사고,함평 교통사고,광주 교통사고
어린이교통사고,전남 교통사고,함평 교통사고,함평교통 500번
어린이교통사고,전남 교통사고,진도 교통사고,진도 음주 교통사고
어린이교통사고,전남 교통사고,곡성 교통사고,곡성 고속도로 교통사고
어린이교통사고,전남 교통사고,곡성 교통사고,옥과 교통사고
어린이교통사고,전남 교통사고,곡성 교통사고,곡성 교통사고 사망
어린이교통사고,전남 교통사고,곡성 교통사고,곡성군 교통사고
어린이교통사고,전남 교통사고,곡성 교통사고,전남 곡성 교통사고
어린이교통사고,전남 교통사고,곡성 교통사고,성남 교통사고
어린이교통사고,전남 교통사고,곡성 교통사고,영암 교통사고
어린이교통사고,전남 교통사고,곡성 교통사고,오늘 전남 교통사고
어린이교통사고,전남 교통사고,곡성 교통사고,목포 교통사고
어린이교통사고,전남 교통사고,곡성 교통사고,나주 교통사고
어린이교통사고,전남 교통사고,곡성 교통사고,구례 교통사고
어린이교통사고,전남 교통사고,곡성 교통사고,광주 교통사고
어린이교통사고,전남 교통사고,곡성 교통사고,남원 교통사고
어린이교통사고,전남 교통사고,곡성 교통사고,대학생 교통사고
어린이교통사고,전남 교통사고,여수 교통사고,오늘 여수 교통사고
어린이교통사고,전남 교통사고,여수 교통사고,여수 교통사고 사망사고
어린이교통사고,전남 교통사고,여수 교통사고,여수 사건사고
어린이교통사고,전남 교통사고,여수 교통사고,순천 교통사고
어린이교통사고,전남 교통사고,여수 교통사고,여수 교통사고 동영상
어린이교통사고,전남 교통사고,여수 교통사고,여수 웅천 교통사고
어린이교통사고,전남 교통사고,여수 교통사고,오늘 순천 교통사고
어린이교통사고,전남 교통사고,여수 교통사고,여수시 교통사고
어린이교통사고,전남 교통사고,여수 교통사고,신기동 약국 사고
어린이교통사고,전남 교통사고,여수 교통사고,여수 터널
어린이교통사고,전남 교통사고,여수 교통사고,여수 약국 차량돌진
어린이교통사고,전남 교통사고,여수 교통사고,여수 차량 돌진
어린이교통사고,전남 교통사고,여수 교통사고,여수 교통정보센터
어린이교통사고,전남 교통사고,여수 교통사고,여수 오토바이 사고
어린이교통사고,전남 교통사고,여수 교통사고,여수 뉴스
어린이교통사고,전남 교통사고,여수 교통사고,70대운전자약국 돌진
어린이교통사고,전남 교통사고,여수 교통사고,여수 약국돌진
어린이교통사고,전남 교통사고,여수 교통사고,광양 교통사고
어린이교통사고,전남 교통사고,여수 교통사고,여수 음주 교통사고
어린이교통사고,전남 교통사고,여수 교통사고,여천 교통사고
어린이교통사고,동해시 민식이,동해시 민식이법,동해시 스쿨존
어린이교통사고,동해시 민식이,동해시 민식이법,동해 스쿨존 사고
어린이교통사고,동해시 민식이,동해시 스쿨존,동해시 스쿨존사고
어린이교통사고,동해시 민식이,동해시 스쿨존,동해시 민식이법
어린이교통사고,동해시 민식이,동해시 스쿨존,강원도 스쿨존 사고
어린이교통사고,동해시 민식이,동해시 스쿨존,어린이 교통사고
어린이교통사고,동해시 민식이,강원도 스쿨존 사고,동해시 스쿨존사고
어린이교통사고,동해시 민식이,강원도 스쿨존 사고,어린이 교통사고
어린이교통사고,동해시 민식이,강원도 스쿨존 사고,동해시 민식이
어린이교통사고,동해시 민식이,강원도 스쿨존 사고,동해시 스쿨존사고
어린이교통사고,동해시 민식이,강원도 스쿨존 사고,어린이 교통사고
어린이교통사고,동해시 민식이,강원도 스쿨존 사고,동해시 민식이
어린이교통사고,동해시 스쿨존사고,강원도 스쿨존 사고,동해시 스쿨존사고
어린이교통사고,동해시 스쿨존사고,강원도 스쿨존 사고,어린이 교통사고
어린이교통사고,동해시 스쿨존사고,강원도 스쿨존 사고,동해시 민식이
어린이교통사고,동해시 스쿨존사고,강원도 스쿨존 사고,동해시 스쿨존사고
어린이교통사고,동해시 스쿨존사고,강원도 스쿨존 사고,어린이 교통사고
어린이교통사고,동해시 스쿨존사고,강원도 스쿨존 사고,동해시 민식이
어린이교통사고,동해시 민식이,동해시 스쿨존사고,강원도 스쿨존 사고
어린이교통사고,동해시 민식이,동해시 스쿨존사고,어린이 교통사고
어린이교통사고,동해시 민식이,동해시 스쿨존사고,동해시 민식이
어린이교통사고,동해시 민식이,동해시 스쿨존사고,강원도 스쿨존 사고
어린이교통사고,동해시 민식이,동해시 스쿨존사고,어린이 교통사고
어린이교통사고,동해시 민식이,동해시 스쿨존사고,동해시 민식이
어린이교통사고,강원도 스쿨존 사고,동해시 스쿨존사고,강원도 스쿨존 사고
어린이교통사고,강원도 스쿨존 사고,동해시 스쿨존사고,어린이 교통사고
어린이교통사고,강원도 스쿨존 사고,동해시 스쿨존사고,동해시 민식이
어린이교통사고,강원도 스쿨존 사고,동해시 스쿨존사고,강원도 스쿨존 사고
어린이교통사고,강원도 스쿨존 사고,동해시 스쿨존사고,어린이 교통사고
어린이교통사고,강원도 스쿨존 사고,동해시 스쿨존사고,동해시 민식이
어린이교통사고,동해시 스쿨존사고,동해시 민식이,동해시 민식이법
어린이교통사고,동해시 스쿨존사고,동해시 민식이,어린이 교통사고
어린이교통사고,동해시 스쿨존사고,동해시 민식이,동해시 스쿨존
어린이교통사고,동해시 스쿨존사고,동해시 민식이,강원도 스쿨존 사고
어린이교통사고,동해시 스쿨존사고,동해시 민식이,동해시 스쿨존사고
어린이교통사고,동해시 스쿨존사고,동해시 민식이,동해시 민식이법
어린이교통사고,동해시 스쿨존사고,동해시 민식이,어린이 교통사고
어린이교통사고,동해시 스쿨존사고,동해시 민식이,동해시 스쿨존
어린이교통사고,동해시 스쿨존사고,동해시 민식이,강원도 스쿨존 사고
어린이교통사고,동해시 스쿨존사고,동해시 민식이,동해시 스쿨존사고
어린이교통사고,강원도 스쿨존 사고,동해시 민식이,동해시 민식이법
어린이교통사고,강원도 스쿨존 사고,동해시 민식이,어린이 교통사고
어린이교통사고,강원도 스쿨존 사고,동해시 민식이,동해시 스쿨존
어린이교통사고,강원도 스쿨존 사고,동해시 민식이,강원도 스쿨존 사고
어린이교통사고,강원도 스쿨존 사고,동해시 민식이,동해시 스쿨존사고
어린이교통사고,강원도 스쿨존 사고,동해시 민식이,동해시 민식이법
어린이교통사고,강원도 스쿨존 사고,동해시 민식이,어린이 교통사고
어린이교통사고,강원도 스쿨존 사고,동해시 민식이,동해시 스쿨존
어린이교통사고,강원도 스쿨존 사고,동해시 민식이,강원도 스쿨존 사고
어린이교통사고,강원도 스쿨존 사고,동해시 민식이,동해시 스쿨존사고
어린이교통사고,서산 어린이 교통사고,서산 교통사고 사망,서산 어린이 교통사고
어린이교통사고,서산 어린이 교통사고,서산 교통사고 사망,어린이 사망사고
어린이교통사고,서산 어린이 교통사고,서산 교통사고 사망,서산 횡단보도 사고
어린이교통사고,서산 어린이 교통사고,서산 교통사고 사망,8세 교통사고
어린이교통사고,서산 어린이 교통사고,서산 교통사고 사망,서산 초등학생 사망
어린이교통사고,서산 어린이 교통사고,서산 교통사고 사망,오늘 서산 교통사고
어린이교통사고,서산 어린이 교통사고,서산 어린이사고,충남 서산 교통사고
어린이교통사고,서산 어린이 교통사고,서산 어린이사고,서산 음주
어린이교통사고,서산 어린이 교통사고,서산 어린이사고,등굣길
어린이교통사고,서산 어린이 교통사고,서산 어린이사고,서산 음주운전 사고
어린이교통사고,서산 어린이 교통사고,서산 어린이사고,부춘초등학교
어린이교통사고,서산 어린이 교통사고,서산 어린이사고,서산 횡단보도 사고
어린이교통사고,서산 어린이 교통사고,서산 어린이사고,서산 부춘초 교통사고
어린이교통사고,서산 어린이 교통사고,서산 어린이사고,서산 사건사고
어린이교통사고,서산 어린이 교통사고,서산 부춘초등학교 교통사고,서산 어린이 교통사고
어린이교통사고,서산 어린이 교통사고,서산 부춘초등학교 교통사고,서산경찰서
어린이교통사고,서산 어린이 교통사고,서산 부춘초등학교 교통사고,서산 횡단보도 사고
어린이교통사고,서산 어린이 교통사고,서산 부춘초등학교 교통사고,오늘 서산 교통사고
어린이교통사고,서산 어린이 교통사고,서산 부춘초등학교 교통사고,서산 초등학생 사망
어린이교통사고,서산 어린이 교통사고,서산 부춘초등학교 교통사고,횡단보도 사망사고
어린이교통사고,서산 어린이 교통사고,서산 부춘초등학교 교통사고,서산 초등생 교통사고
어린이교통사고,서산 어린이 교통사고,등굣길,등굣길 등교길
어린이교통사고,서산 어린이 교통사고,등굣길,익숙치
어린이교통사고,서산 어린이 교통사고,등굣길,하굣길
어린이교통사고,서산 어린이 교통사고,등굣길,등하굣길
어린이교통사고,서산 어린이 교통사고,등굣길,서산 음주
어린이교통사고,서산 어린이 교통사고,등굣길,서산 교통사고
어린이교통사고,서산 어린이 교통사고,등굣길,서산 음주사고
어린이교통사고,서산 어린이 교통사고,등굣길,서산 어린이사고
어린이교통사고,서산 어린이 교통사고,등굣길,숙취
어린이교통사고,서산 어린이 교통사고,등굣길,등굣길 초등생
어린이교통사고,서산 어린이 교통사고,등굣길,서산경찰서
어린이교통사고,서산 어린이 교통사고,등굣길,초등학생
어린이교통사고,서산 어린이 교통사고,등굣길,suv
어린이교통사고,서산 어린이 교통사고,등굣길,윤창호법 적용
어린이교통사고,서산 어린이 교통사고,등굣길,초등학생 사망
어린이교통사고,서산 어린이 교통사고,등굣길,서산 횡단보도 사고
어린이교통사고,서산 어린이 교통사고,등굣길,숙취운전
어린이교통사고,서산 어린이 교통사고,등굣길,obs 등굣길
어린이교통사고,서산 어린이 교통사고,서산 음주운전 사고,충남 서산 교통사고
어린이교통사고,서산 어린이 교통사고,서산 음주운전 사고,서산 음주사고
어린이교통사고,서산 어린이 교통사고,서산 음주운전 사고,서산 어린이사고
어린이교통사고,서산 어린이 교통사고,충남 서산 교통사고,서산 어린이사고
어린이교통사고,서산 어린이 교통사고,충남 서산 교통사고,서산 음주
어린이교통사고,서산 어린이 교통사고,충남 서산 교통사고,서산 음주사고
어린이교통사고,서산 어린이 교통사고,충남 서산 교통사고,8세 교통사고
어린이교통사고,서산 어린이 교통사고,충남 서산 교통사고,서산 초등학생 교통사고
어린이교통사고,서산 어린이 교통사고,충남 서산 교통사고,서산 부춘초등학교 교통사고
어린이교통사고,서산 어린이 교통사고,충남 서산 교통사고,서산 횡단보도 사고
어린이교통사고,서산 어린이 교통사고,충남 서산 교통사고,횡단보도 사망사고
어린이교통사고,서산 어린이 교통사고,충남 서산 교통사고,서산시 교통사고
어린이교통사고,서산 어린이 교통사고,서산 횡단보도 사고,8세 교통사고
어린이교통사고,서산 어린이 교통사고,서산 횡단보도 사고,서산 부춘초등학교 교통사고
어린이교통사고,서산 어린이 교통사고,서산 횡단보도 사고,서산 초등생 교통사고
어린이교통사고,서산 어린이 교통사고,서산 횡단보도 사고,서산 사망사고
어린이교통사고,서산 어린이 교통사고,서산 횡단보도 사고,서산 초등학생 사망
어린이교통사고,서산 어린이 교통사고,서산 횡단보도 사고,충남 서산 교통사고
어린이교통사고,서산 어린이 교통사고,서산 횡단보도 사고,서산경찰서
어린이교통사고,서산 어린이 교통사고,서산 횡단보도 사고,어린이 사망사고
어린이교통사고,서산 어린이 교통사고,서산 횡단보도 사고,등굣길
어린이교통사고,서산 어린이 교통사고,서산 횡단보도 사고,서산 어린이사고
어린이교통사고,서산 어린이 교통사고,8세 교통사고,서산 횡단보도 사고
어린이교통사고,서산 어린이 교통사고,8세 교통사고,서산시 교통사고
어린이교통사고,서산 어린이 교통사고,8세 교통사고,서산 교통사고 사망
어린이교통사고,서산 어린이 교통사고,8세 교통사고,횡단보도 사망사고
어린이교통사고,서산 어린이 교통사고,8세 교통사고,서산 초등학생 교통사고
어린이교통사고,서산 어린이 교통사고,8세 교통사고,서산 사건사고
어린이교통사고,서산 어린이 교통사고,8세 교통사고,서산 부춘초 교통사고
어린이교통사고,서산 어린이 교통사고,어린이 사망사고,비의도적 어린이 사망사고
어린이교통사고,서산 어린이 교통사고,어린이 사망사고,서산 음주운전
어린이교통사고,서산 어린이 교통사고,어린이 사망사고,서산 교통사고 사망
어린이교통사고,서산 어린이 교통사고,어린이 사망사고,서산 횡단보도 사고
어린이교통사고,서산 어린이 교통사고,어린이 사망사고,서산 초등학생 사망
어린이교통사고,서산 어린이 교통사고,오늘 서산 교통사고,서산 교통사고 사망
어린이교통사고,서산 어린이 교통사고,오늘 서산 교통사고,서산 초등생 교통사고
어린이교통사고,서산 어린이 교통사고,오늘 서산 교통사고,서산 부춘초등학교 교통사고
어린이교통사고,서산 어린이 교통사고,서산 초등학생 사망,초등학생 사고
어린이교통사고,서산 어린이 교통사고,서산 초등학생 사망,서산 부춘초 교통사고
어린이교통사고,서산 어린이 교통사고,서산 초등학생 사망,서산경찰서
어린이교통사고,서산 어린이 교통사고,서산 초등학생 사망,서산 횡단보도 사고
어린이교통사고,서산 어린이 교통사고,서산 초등학생 사망,서산 사건사고
어린이교통사고,서산 어린이 교통사고,서산 초등학생 사망,8세 교통사고
어린이교통사고,서산 어린이 교통사고,서산 초등학생 사망,서산 어린이 교통사고
어린이교통사고,서산 어린이 교통사고,서산 초등학생 사망,어린이 사망사고
어린이교통사고,서산 어린이 교통사고,서산 경찰서 사거리 교통사고,서산 어린이 교통사고
어린이교통사고,서산 어린이 교통사고,서산 초등생 교통사고,오늘 서산 교통사고
어린이교통사고,서산 어린이 교통사고,서산 초등생 교통사고,서산 횡단보도 사고
어린이교통사고,서산 어린이 교통사고,서산 초등생 교통사고,서산 사망사고
어린이교통사고,서산 어린이 교통사고,서산 초등생 교통사고,서산경찰서
어린이교통사고,서산 어린이 교통사고,서산 초등생 교통사고,서산 부춘초등학교 교통사고
어린이교통사고,서산 어린이 교통사고,서산 초등생 교통사고,서산뉴스
